account_id,customer_id,branch_id,acct_type_code,open_date,current_balance,status
ACCT000001,CUST00333,BR006,CD,20250206,395685.16,OPEN
ACCT000002,CUST00577,BR009,SAV,17-Mar-2022,169604.14,CLOSED
ACCT000003,CUST00001,BR012,CHK,2021-03-11,246040.54,OPEN
ACCT000004,CUST00007,BR005,SAV,29-May-2020,5525.17,OPEN
ACCT000005,CUST00567,BR009,LOC,05/26/2024,40729.26,OPEN
ACCT000006,CUST00142,BR005,MMA,07/12/2024,108002.16,OPEN
ACCT000007,CUST00585,BR007,LOC,2020-06-09,345936.56,OPEN
ACCT000008,CUST00500,BR012,IRA,2024-06-18,283687.13,DORMANT
ACCT000009,CUST00391,BR002,CHK,01-Oct-2021,421699.36,OPEN
ACCT000010,CUST00789,BR004,IRA,2025-04-27,302435.24,OPEN
ACCT000011,CUST00313,BR009,CHK,07/31/2021,153513.34,OPEN
ACCT000012,CUST00052,BR011,IRA,20220529,360127.50,OPEN
ACCT000013,CUST00228,BR007,MMA,06/04/2022,"$59,111.69",DORMANT
ACCT000014,CUST00764,BR001,LOC,24-Jun-2022,36263.31,OPEN
ACCT000015,CUST00781,BR003,CD,04/09/2024,231612.63,OPEN
ACCT000016,CUST00575,BR010,IRA,11/18/2023,112522.82,CLOSED
ACCT000017,CUST00332,BR011,LOC,2019-01-02,320797.56,OPEN
ACCT000018,CUST00196,BR006,MMA,2024-08-29,368295.43,OPEN
ACCT000019,CUST00632,BR008,LOC,20190821,16765.61,OPEN
ACCT000020,CUST00702,BR006,SAV,2018-12-18,353697.09,DORMANT
ACCT000021,CUST00152,BR005,CHK,2021-11-07,142982.25,OPEN
ACCT000022,CUST00215,BR012,LOC,05/17/2020,260015.74,DORMANT
ACCT000023,CUST00495,BR010,IRA,2019-08-02,177654.23,DORMANT
ACCT000024,CUST00045,BR005,SAV,04-Sep-2018,92337.59,OPEN
ACCT000025,CUST00055,BR008,IRA,2018-02-04,183492.90,OPEN
ACCT000026,CUST00111,BR001,MMA,20250413,107116.78,OPEN
ACCT000027,CUST00324,BR008,LOC,2023-12-18,85412.43,CLOSED
ACCT000028,CUST00575,BR012,CHK,06/12/2018,442301.01,CLOSED
ACCT000029,CUST00403,BR012,SAV,17-Mar-2018,326891.01,OPEN
ACCT000030,CUST00242,BR009,MMA,11-Sep-2018,421158.48,OPEN
ACCT000031,CUST00569,BR005,SAV,14-Sep-2019,430130.03,OPEN
ACCT000032,CUST00748,BR007,LOC,08/09/2025,197406.67,CLOSED
ACCT000033,CUST00320,BR010,MMA,01/14/2023,"$95,277.28",DORMANT
ACCT000034,CUST00701,BR004,SAV,06/19/2021,203581.18,OPEN
ACCT000035,CUST00672,BR010,SAV,2021-07-24,265310.04,OPEN
ACCT000036,CUST00189,BR006,SAV,01-May-2018,421863.97,CLOSED
ACCT000037,CUST00311,BR008,IRA,21-Feb-2025,68699.17,OPEN
ACCT000038,CUST00190,BR001,LOC,02-Dec-2024,288718.19,DORMANT
ACCT000039,CUST00238,BR004,IRA,17-Apr-2018,33545.58,OPEN
ACCT000040,CUST00515,BR010,CD,26-Dec-2025,84228.59,CLOSED
ACCT000041,CUST00141,BR003,SAV,2020-07-15,193165.74,OPEN
ACCT000042,CUST00423,BR004,IRA,07/12/2025,"$362,521.65",CLOSED
ACCT000043,CUST00632,BR008,IRA,20210823,425479.65,OPEN
ACCT000044,CUST00623,BR012,CD,20210705,291579.86,DORMANT
ACCT000045,CUST00550,BR009,IRA,2025-11-24,247514.81,OPEN
ACCT000046,CUST00252,BR009,LOC,2022-06-09,265484.96,OPEN
ACCT000047,CUST00195,BR005,CD,19-Jun-2022,370233.35,OPEN
ACCT000048,CUST00433,BR005,LOC,08/12/2018,219835.79,OPEN
ACCT000049,CUST00740,BR009,CHK,01/07/2020,185637.36,OPEN
ACCT000050,CUST00184,BR008,LOC,12/28/2025,"$423,036.00",OPEN
ACCT000051,CUST00709,BR011,IRA,2019-11-03,39227.75,OPEN
ACCT000052,CUST00088,BR009,IRA,04/23/2022,178659.14,OPEN
ACCT000053,CUST00344,BR010,IRA,09/07/2019,416376.99,OPEN
ACCT000054,CUST00430,BR005,MMA,02-Jan-2023,"$298,829.63",OPEN
ACCT000055,CUST00208,BR001,LOC,2020-11-02,217441.69,DORMANT
ACCT000056,CUST00006,BR010,CD,09/01/2020,280598.23,CLOSED
ACCT000057,CUST00453,BR002,LOC,2024-09-24,113685.89,DORMANT
ACCT000058,CUST00644,BR009,SAV,07/20/2018,66904.24,OPEN
ACCT000059,CUST00149,BR001,IRA,25-Jun-2024,"$155,588.88",OPEN
ACCT000060,CUST00427,BR003,SAV,15-Jul-2025,291378.53,DORMANT
ACCT000061,CUST00587,BR009,SAV,09-Feb-2023,"$446,767.71",OPEN
ACCT000062,CUST00331,BR006,CD,20181005,"$404,005.17",CLOSED
ACCT000063,CUST00138,BR002,IRA,29-Jan-2021,250620.58,OPEN
ACCT000064,CUST00627,BR001,CHK,2024-05-29,229576.55,OPEN
ACCT000065,CUST00438,BR010,MMA,29-Nov-2020,444646.10,CLOSED
ACCT000066,CUST00533,BR012,IRA,20230801,386870.47,OPEN
ACCT000067,CUST00726,BR005,SAV,2018-01-07,6633.60,OPEN
ACCT000068,CUST00756,BR004,LOC,20220826,17063.71,OPEN
ACCT000069,CUST00012,BR011,SAV,27-Sep-2025,"$118,392.50",OPEN
ACCT000070,CUST00519,BR009,MMA,2018-01-26,327630.36,DORMANT
ACCT000071,CUST00631,BR001,SAV,05-Mar-2020,399405.27,CLOSED
ACCT000072,CUST00486,BR001,IRA,20190711,70362.35,DORMANT
ACCT000073,CUST00344,BR008,CD,18-Aug-2018,268997.18,DORMANT
ACCT000074,CUST00549,BR001,SAV,23-Jun-2024,382774.64,OPEN
ACCT000075,CUST00068,BR003,MMA,08-May-2018,472055.10,OPEN
ACCT000076,CUST00585,BR010,CD,2020-02-07,414327.94,OPEN
ACCT000077,CUST00727,BR001,MMA,2022-08-23,236071.40,CLOSED
ACCT000078,CUST00310,BR004,LOC,05/23/2021,49432.17,OPEN
ACCT000079,CUST00095,BR008,LOC,20180413,433903.56,OPEN
ACCT000080,CUST00496,BR012,LOC,25-Jun-2021,64498.10,DORMANT
ACCT000081,CUST00693,BR003,SAV,20180530,182980.28,OPEN
ACCT000082,CUST00005,BR005,CHK,2025-09-15,156645.53,OPEN
ACCT000083,CUST00534,BR011,IRA,2021-07-03,275116.52,OPEN
ACCT000084,CUST00329,BR004,SAV,19-Mar-2021,253153.77,OPEN
ACCT000085,CUST00280,BR003,SAV,2021-01-25,2399.51,DORMANT
ACCT000086,CUST00105,BR004,LOC,05-Dec-2021,126460.27,OPEN
ACCT000087,CUST00588,BR004,SAV,19-Oct-2018,292432.50,CLOSED
ACCT000088,CUST00052,BR003,CHK,2023-04-13,"$46,374.56",CLOSED
ACCT000089,CUST00402,BR003,IRA,20240907,293912.94,OPEN
ACCT000090,CUST00731,BR011,LOC,20181118,"$270,377.81",CLOSED
ACCT000091,CUST00100,BR008,MMA,20250904,223214.75,OPEN
ACCT000092,CUST00632,BR005,MMA,05/25/2022,334313.09,OPEN
ACCT000093,CUST00465,BR008,CHK,20180925,49750.22,OPEN
ACCT000094,CUST00290,BR006,LOC,06/11/2024,241355.59,OPEN
ACCT000095,CUST00334,BR009,IRA,18-Oct-2018,253381.60,CLOSED
ACCT000096,CUST00245,BR010,SAV,02/23/2024,467337.49,OPEN
ACCT000097,CUST00214,BR012,LOC,20221101,270097.43,OPEN
ACCT000098,CUST00178,BR011,IRA,20181116,50446.59,OPEN
ACCT000099,CUST00569,BR002,CD,23-Dec-2019,"$458,603.47",OPEN
ACCT000100,CUST00702,BR010,CD,20210903,"$307,819.72",OPEN
ACCT000101,CUST00143,BR010,IRA,01/01/2018,315527.48,OPEN
ACCT000102,CUST00400,BR010,LOC,01/06/2023,94745.92,OPEN
ACCT000103,CUST00584,BR011,MMA,16-Nov-2022,475290.29,DORMANT
ACCT000104,CUST00523,BR007,SAV,2021-04-19,174073.10,OPEN
ACCT000105,CUST00001,BR012,LOC,2022-01-11,412705.20,OPEN
ACCT000106,CUST00443,BR012,LOC,03-Jun-2022,340210.22,CLOSED
ACCT000107,CUST00559,BR004,IRA,20191212,62448.40,OPEN
ACCT000108,CUST00428,BR003,MMA,07/07/2025,"$60,124.56",OPEN
ACCT000109,CUST00148,BR012,CD,20250518,"$467,862.89",OPEN
ACCT000110,CUST00658,BR007,CD,20251019,297275.51,CLOSED
ACCT000111,CUST00566,BR008,CD,12/26/2021,85108.65,DORMANT
ACCT000112,CUST00511,BR012,SAV,26-Dec-2025,194256.34,OPEN
ACCT000113,CUST00035,BR001,LOC,03-Jun-2023,49884.72,OPEN
ACCT000114,CUST00146,BR012,IRA,27-Nov-2023,"$220,494.12",DORMANT
ACCT000115,CUST00091,BR004,CD,2025-01-27,326775.90,DORMANT
ACCT000116,CUST00320,BR010,CHK,2021-11-08,222401.37,CLOSED
ACCT000117,CUST00588,BR012,MMA,21-Sep-2022,460881.93,OPEN
ACCT000118,CUST00172,BR001,IRA,13-Sep-2024,347581.28,OPEN
ACCT000119,CUST00645,BR008,LOC,2019-11-24,313315.14,DORMANT
ACCT000120,CUST00028,BR005,CD,12/04/2018,240214.11,OPEN
ACCT000121,CUST00259,BR003,LOC,24-Feb-2021,"$411,061.32",OPEN
ACCT000122,CUST00619,BR003,LOC,20190912,174336.91,OPEN
ACCT000123,CUST00497,BR003,LOC,16-May-2018,472274.75,DORMANT
ACCT000124,CUST00158,BR008,CD,04/19/2022,315423.63,OPEN
ACCT000125,CUST00216,BR010,IRA,2021-11-14,306496.63,OPEN
ACCT000126,CUST00054,BR003,CD,20220622,141163.06,DORMANT
ACCT000127,CUST00240,BR007,IRA,20251130,"$225,175.95",CLOSED
ACCT000128,CUST00013,BR005,CD,14-Apr-2022,461454.92,OPEN
ACCT000129,CUST00100,BR009,IRA,20211220,291085.50,OPEN
ACCT000130,CUST00344,BR005,MMA,07-Feb-2019,312356.49,OPEN
ACCT000131,CUST00752,BR011,LOC,09-Mar-2020,323693.31,OPEN
ACCT000132,CUST00561,BR001,IRA,2018-02-04,$801.28,OPEN
ACCT000133,CUST00702,BR008,MMA,17-Jun-2020,"$117,169.61",DORMANT
ACCT000134,CUST00095,BR001,LOC,05/13/2025,455987.15,OPEN
ACCT000135,CUST00089,BR010,SAV,03/20/2022,429560.79,OPEN
ACCT000136,CUST00302,BR008,IRA,20181107,442507.26,CLOSED
ACCT000137,CUST00709,BR011,MMA,11/20/2020,373654.68,OPEN
ACCT000138,CUST00392,BR007,MMA,04-Sep-2018,458468.76,CLOSED
ACCT000139,CUST00072,BR008,SAV,20241104,81544.45,OPEN
ACCT000140,CUST00554,BR007,SAV,2024-11-19,437615.47,OPEN
ACCT000141,CUST00036,BR002,CHK,29-May-2024,"$371,960.03",CLOSED
ACCT000142,CUST00153,BR011,IRA,2018-01-04,317333.83,OPEN
ACCT000143,CUST00401,BR010,CHK,20231013,226897.62,OPEN
ACCT000144,CUST00554,BR004,CHK,20220424,53783.77,OPEN
ACCT000145,CUST00342,BR011,MMA,2022-06-29,301652.18,OPEN
ACCT000146,CUST00375,BR009,MMA,20181126,363819.74,OPEN
ACCT000147,CUST00181,BR009,CHK,04/23/2022,139952.12,OPEN
ACCT000148,CUST00646,BR012,MMA,2023-06-16,424328.87,OPEN
ACCT000149,CUST00144,BR001,SAV,04/14/2018,"$232,277.79",DORMANT
ACCT000150,CUST00659,BR005,CD,20231228,"$463,788.46",OPEN
ACCT000151,CUST00058,BR006,IRA,20180625,52320.75,DORMANT
ACCT000152,CUST00470,BR011,LOC,09/03/2019,"$443,535.67",OPEN
ACCT000153,CUST00501,BR011,CHK,2023-04-15,112701.04,OPEN
ACCT000154,CUST00177,BR011,CHK,2021-06-12,216249.53,DORMANT
ACCT000155,CUST00066,BR002,CHK,07/30/2023,25608.40,OPEN
ACCT000156,CUST00756,BR011,CD,2021-08-21,468288.84,OPEN
ACCT000157,CUST00330,BR004,CHK,08/26/2024,"$157,719.31",OPEN
ACCT000158,CUST00776,BR007,SAV,23-Oct-2025,263402.75,DORMANT
ACCT000159,CUST00042,BR003,CHK,20250202,"$372,165.89",CLOSED
ACCT000160,CUST00083,BR001,CHK,2020-01-05,337769.51,OPEN
ACCT000161,CUST00427,BR012,CD,10/06/2025,94987.71,DORMANT
ACCT000162,CUST00462,BR007,SAV,2019-12-16,284191.91,DORMANT
ACCT000163,CUST00091,BR011,MMA,20211125,-2783.53,OPEN
ACCT000164,CUST00543,BR002,LOC,01/22/2022,220144.76,OPEN
ACCT000165,CUST00284,BR001,SAV,04/07/2019,327343.22,CLOSED
ACCT000166,CUST00510,BR003,SAV,2025-07-07,21203.39,OPEN
ACCT000167,CUST00446,BR005,MMA,20241201,16008.98,DORMANT
ACCT000168,CUST00181,BR003,CHK,2023-06-10,29366.86,CLOSED
ACCT000169,CUST00607,BR010,MMA,09/13/2022,357337.08,OPEN
ACCT000170,CUST00798,BR002,MMA,2020-07-21,110002.41,OPEN
ACCT000171,CUST00385,BR004,CHK,20230414,21354.59,OPEN
ACCT000172,CUST00625,BR008,SAV,06-May-2022,61156.24,OPEN
ACCT000173,CUST00277,BR004,MMA,2019-06-06,"$330,722.11",OPEN
ACCT000174,CUST00114,BR008,CD,09/10/2022,363764.70,OPEN
ACCT000175,CUST00619,BR003,IRA,11/09/2024,275388.90,OPEN
ACCT000176,CUST00089,BR007,LOC,06/27/2023,281916.72,OPEN
ACCT000177,CUST00015,BR012,CD,10/07/2020,153738.53,DORMANT
ACCT000178,CUST00153,BR010,CHK,2022-09-08,14428.46,DORMANT
ACCT000179,CUST00035,BR007,LOC,20220604,387712.51,OPEN
ACCT000180,CUST00464,BR008,SAV,2018-12-07,331182.52,OPEN
ACCT000181,CUST00136,BR006,MMA,2020-09-06,2726.13,OPEN
ACCT000182,CUST00721,BR008,LOC,2024-07-18,468564.08,OPEN
ACCT000183,CUST00721,BR007,SAV,20220226,"$336,392.50",OPEN
ACCT000184,CUST00395,BR012,MMA,2023-12-15,138846.14,DORMANT
ACCT000185,CUST00556,BR010,SAV,2025-09-05,295920.78,OPEN
ACCT000186,CUST00528,BR011,MMA,2018-07-31,180733.17,OPEN
ACCT000187,CUST00375,BR006,SAV,2025-04-08,266967.73,OPEN
ACCT000188,CUST00343,BR004,LOC,20190411,352629.33,OPEN
ACCT000189,CUST00772,BR012,SAV,05-Aug-2021,430497.52,CLOSED
ACCT000190,CUST00284,BR001,CHK,08-Mar-2022,214419.16,OPEN
ACCT000191,CUST00482,BR012,LOC,10-Aug-2025,214209.52,OPEN
ACCT000192,CUST00193,BR008,CHK,20181125,430503.74,OPEN
ACCT000193,CUST00112,BR003,MMA,04/04/2019,235719.44,DORMANT
ACCT000194,CUST00643,BR001,MMA,09/03/2022,224843.89,OPEN
ACCT000195,CUST00299,BR004,CHK,04/01/2018,399949.55,OPEN
ACCT000196,CUST00422,BR010,MMA,09-May-2025,230781.97,DORMANT
ACCT000197,CUST00562,BR008,CD,05/30/2021,430666.73,OPEN
ACCT000198,CUST00233,BR008,MMA,2021-03-26,66944.09,OPEN
ACCT000199,CUST00634,BR003,IRA,02-Jan-2024,83406.05,OPEN
ACCT000200,CUST00166,BR004,CHK,18-Jun-2018,273644.71,OPEN
ACCT000201,CUST00189,BR004,LOC,2025-12-06,317793.34,OPEN
ACCT000202,CUST00382,BR008,LOC,28-Oct-2019,"$53,922.66",CLOSED
ACCT000203,CUST00787,BR003,CD,08/04/2021,-2917.26,DORMANT
ACCT000204,CUST00340,BR011,IRA,20210425,429549.07,DORMANT
ACCT000205,CUST00683,BR003,LOC,16-Dec-2022,329236.29,OPEN
ACCT000206,CUST00143,BR011,LOC,24-Apr-2019,7025.86,OPEN
ACCT000207,CUST00457,BR006,CHK,2021-08-29,289953.34,DORMANT
ACCT000208,CUST00228,BR005,SAV,2018-04-03,256129.96,OPEN
ACCT000209,CUST00525,BR007,SAV,02-Jul-2023,287538.36,OPEN
ACCT000210,CUST00683,BR006,CD,20190829,174270.53,OPEN
ACCT000211,CUST00354,BR006,MMA,2022-12-31,99612.15,CLOSED
ACCT000212,CUST00454,BR005,SAV,20221003,62690.33,OPEN
ACCT000213,CUST00148,BR004,MMA,29-Apr-2023,27066.15,CLOSED
ACCT000214,CUST00091,BR001,CD,01-Mar-2025,196039.30,DORMANT
ACCT000215,CUST00774,BR003,SAV,20200201,135389.64,OPEN
ACCT000216,CUST00600,BR005,CD,20240409,103892.31,OPEN
ACCT000217,CUST00269,BR005,IRA,20250220,55225.81,OPEN
ACCT000218,CUST00428,BR003,CD,09/18/2025,8794.65,CLOSED
ACCT000219,CUST00069,BR010,IRA,20220121,269303.68,CLOSED
ACCT000220,CUST00711,BR002,MMA,2023-10-01,404960.83,OPEN
ACCT000221,CUST00150,BR006,CD,10/10/2025,"$168,331.95",OPEN
ACCT000222,CUST00430,BR011,MMA,19-Jul-2018,136457.09,OPEN
ACCT000223,CUST00527,BR004,IRA,2020-01-21,285399.81,OPEN
ACCT000224,CUST00324,BR011,MMA,16-Jan-2021,41479.20,OPEN
ACCT000225,CUST00014,BR003,LOC,26-Feb-2021,372721.80,OPEN
ACCT000226,CUST00105,BR004,SAV,08/24/2023,398313.17,DORMANT
ACCT000227,CUST00629,BR012,LOC,2023-12-20,197412.93,OPEN
ACCT000228,CUST00135,BR001,CD,27-Nov-2021,"$330,159.59",CLOSED
ACCT000229,CUST00612,BR009,MMA,07-Dec-2019,8948.38,OPEN
ACCT000230,CUST00132,BR012,SAV,09/19/2025,144102.74,OPEN
ACCT000231,CUST00436,BR012,CHK,2018-11-15,370725.77,OPEN
ACCT000232,CUST00202,BR002,CHK,2025-05-26,222504.94,OPEN
ACCT000233,CUST00068,BR005,IRA,2018-02-12,374449.84,OPEN
ACCT000234,CUST00602,BR004,SAV,09-Jul-2025,"$9,190.67",OPEN
ACCT000235,CUST00594,BR006,MMA,10/20/2019,"$239,880.98",DORMANT
ACCT000236,CUST00782,BR001,LOC,06/07/2020,462667.94,DORMANT
ACCT000237,CUST00005,BR012,CHK,20200526,172734.57,CLOSED
ACCT000238,CUST00690,BR002,SAV,20211224,200684.55,CLOSED
ACCT000239,CUST00116,BR006,CHK,2023-03-24,247067.88,OPEN
ACCT000240,CUST00722,BR005,LOC,2018-06-16,"$154,135.97",OPEN
ACCT000241,CUST00468,BR010,IRA,20210701,104548.61,CLOSED
ACCT000242,CUST00194,BR002,CD,13-Aug-2025,81959.18,CLOSED
ACCT000243,CUST00689,BR002,CD,2022-11-30,52820.65,DORMANT
ACCT000244,CUST00105,BR012,SAV,23-Sep-2018,467975.63,DORMANT
ACCT000245,CUST00414,BR002,SAV,20221006,130081.39,DORMANT
ACCT000246,CUST00608,BR005,IRA,28-Jun-2022,225775.75,CLOSED
ACCT000247,CUST00497,BR009,MMA,20190827,47397.78,CLOSED
ACCT000248,CUST00237,BR011,SAV,2018-05-02,352832.20,CLOSED
ACCT000249,CUST00695,BR001,SAV,17-Apr-2022,69077.28,OPEN
ACCT000250,CUST00779,BR002,IRA,20231031,379474.74,CLOSED
ACCT000251,CUST00503,BR009,MMA,31-Jan-2024,387598.57,OPEN
ACCT000252,CUST00783,BR001,CD,20190503,213306.03,CLOSED
ACCT000253,CUST00471,BR001,CHK,26-Dec-2019,424079.61,CLOSED
ACCT000254,CUST00138,BR005,IRA,20220513,365545.40,CLOSED
ACCT000255,CUST00676,BR009,IRA,20240119,225816.86,DORMANT
ACCT000256,CUST00058,BR007,MMA,20230720,294215.74,OPEN
ACCT000257,CUST00329,BR001,CHK,2024-08-15,57176.06,DORMANT
ACCT000258,CUST00028,BR011,MMA,2022-04-08,202651.87,CLOSED
ACCT000259,CUST00360,BR001,IRA,09/27/2020,108791.71,OPEN
ACCT000260,CUST00705,BR002,MMA,14-Apr-2019,77342.93,OPEN
ACCT000261,CUST00472,BR011,CD,20240515,124310.16,DORMANT
ACCT000262,CUST00023,BR006,CD,20240525,"$151,374.36",CLOSED
ACCT000263,CUST00103,BR012,IRA,23-Apr-2020,235914.73,OPEN
ACCT000264,CUST00171,BR010,MMA,20220128,92852.93,OPEN
ACCT000265,CUST00549,BR004,MMA,2020-12-22,139200.33,OPEN
ACCT000266,CUST00640,BR012,CHK,2024-06-26,282054.36,DORMANT
ACCT000267,CUST00544,BR008,CD,09-May-2020,380891.10,OPEN
ACCT000268,CUST00517,BR005,CD,10-Jun-2025,92037.34,DORMANT
ACCT000269,CUST00528,BR008,IRA,02/21/2024,422234.84,DORMANT
ACCT000270,CUST00192,BR010,CD,20200522,124948.94,DORMANT
ACCT000271,CUST00788,BR007,LOC,2025-01-11,248300.75,OPEN
ACCT000272,CUST00247,BR003,IRA,08-Sep-2025,404399.17,OPEN
ACCT000273,CUST00650,BR004,CD,29-Dec-2020,308330.69,DORMANT
ACCT000274,CUST00242,BR007,SAV,04/11/2019,88079.27,OPEN
ACCT000275,CUST00476,BR008,LOC,20221122,"$308,757.19",OPEN
ACCT000276,CUST00280,BR003,CHK,24-Nov-2020,314455.30,OPEN
ACCT000277,CUST00740,BR008,CHK,2018-08-15,147243.82,OPEN
ACCT000278,CUST00417,BR006,IRA,2025-05-16,187494.10,OPEN
ACCT000279,CUST00242,BR002,LOC,2023-08-12,248149.42,DORMANT
ACCT000280,CUST00258,BR008,CHK,2020-09-02,369997.58,DORMANT
ACCT000281,CUST00755,BR007,IRA,20200824,"$100,734.07",OPEN
ACCT000282,CUST00282,BR008,CD,2020-11-07,232823.91,OPEN
ACCT000283,CUST00325,BR009,CD,04/30/2023,462207.94,OPEN
ACCT000284,CUST00372,BR008,IRA,15-Feb-2022,5220.99,DORMANT
ACCT000285,CUST00036,BR012,IRA,08/12/2018,117696.70,OPEN
ACCT000286,CUST00702,BR002,LOC,20200826,183408.44,CLOSED
ACCT000287,CUST00262,BR005,CHK,22-Aug-2020,97037.45,CLOSED
ACCT000288,CUST00647,BR006,IRA,2022-07-23,"$127,907.71",CLOSED
ACCT000289,CUST00483,BR012,CD,20210924,420229.20,OPEN
ACCT000290,CUST00716,BR005,LOC,29-Sep-2018,199122.21,DORMANT
ACCT000291,CUST00756,BR006,CD,2025-10-18,364558.09,OPEN
ACCT000292,CUST00646,BR008,IRA,2019-07-12,189321.00,OPEN
ACCT000293,CUST00590,BR002,CHK,10/09/2019,245437.46,OPEN
ACCT000294,CUST00609,BR011,CD,20210801,227007.26,OPEN
ACCT000295,CUST00178,BR011,LOC,03-Sep-2021,91351.90,OPEN
ACCT000296,CUST00403,BR007,LOC,2020-07-08,454832.97,DORMANT
ACCT000297,CUST00642,BR004,CHK,03/10/2023,121964.84,OPEN
ACCT000298,CUST00411,BR010,CD,25-Sep-2024,67386.83,OPEN
ACCT000299,CUST00581,BR002,CHK,20231124,370079.27,CLOSED
ACCT000300,CUST00122,BR004,IRA,04/12/2020,453835.38,OPEN
ACCT000301,CUST00295,BR012,CD,04/14/2022,204184.67,OPEN
ACCT000302,CUST00290,BR012,IRA,20200215,82479.39,OPEN
ACCT000303,CUST00298,BR005,SAV,20241205,435054.19,CLOSED
ACCT000304,CUST00088,BR001,CD,30-Jun-2019,467583.60,OPEN
ACCT000305,CUST00731,BR007,IRA,30-Sep-2022,30431.97,OPEN
ACCT000306,CUST00341,BR004,CD,2021-12-22,-2399.92,CLOSED
ACCT000307,CUST00310,BR007,IRA,02/28/2022,464508.04,DORMANT
ACCT000308,CUST00184,BR005,SAV,20230826,446208.57,OPEN
ACCT000309,CUST00092,BR006,IRA,20231213,"$63,770.93",OPEN
ACCT000310,CUST00131,BR008,MMA,20220116,132218.87,DORMANT
ACCT000311,CUST00780,BR005,LOC,20210706,427945.83,CLOSED
ACCT000312,CUST00783,BR003,LOC,20250516,"$20,812.76",OPEN
ACCT000313,CUST00188,BR001,CD,12/01/2020,337391.99,CLOSED
ACCT000314,CUST00042,BR008,MMA,20251214,"$217,013.46",OPEN
ACCT000315,CUST00127,BR006,CHK,14-Apr-2020,82617.66,DORMANT
ACCT000316,CUST00280,BR010,IRA,07/26/2024,278020.48,DORMANT
ACCT000317,CUST00786,BR010,SAV,2022-09-02,114386.36,OPEN
ACCT000318,CUST00337,BR001,MMA,2025-08-22,186172.35,OPEN
ACCT000319,CUST00332,BR003,CHK,20181129,397889.12,CLOSED
ACCT000320,CUST00644,BR005,LOC,2025-05-19,"$154,772.06",DORMANT
ACCT000321,CUST00464,BR006,IRA,05/20/2024,"$97,512.93",OPEN
ACCT000322,CUST00331,BR001,IRA,20181017,39887.24,OPEN
ACCT000323,CUST00790,BR007,CHK,03/26/2018,74026.23,OPEN
ACCT000324,CUST00663,BR011,SAV,09-May-2019,233059.87,OPEN
ACCT000325,CUST00702,BR010,SAV,2022-01-10,398545.64,CLOSED
ACCT000326,CUST00457,BR007,CD,20210104,38757.84,OPEN
ACCT000327,CUST00629,BR003,CD,20250127,40079.52,CLOSED
ACCT000328,CUST00693,BR004,IRA,09/11/2025,446373.79,DORMANT
ACCT000329,CUST00086,BR005,CD,2022-11-27,434995.74,OPEN
ACCT000330,CUST00131,BR011,MMA,20201015,"$138,308.59",OPEN
ACCT000331,CUST00047,BR009,CHK,20230923,195314.41,DORMANT
ACCT000332,CUST00260,BR006,MMA,2024-07-26,"$367,793.68",CLOSED
ACCT000333,CUST00184,BR003,CD,2018-07-05,196882.01,OPEN
ACCT000334,CUST00602,BR012,CD,20250708,297548.04,OPEN
ACCT000335,CUST00217,BR003,CHK,10-Oct-2024,"$417,733.66",DORMANT
ACCT000336,CUST00019,BR001,CD,2019-04-23,78291.65,CLOSED
ACCT000337,CUST00674,BR012,LOC,17-Jun-2023,294972.20,OPEN
ACCT000338,CUST00708,BR011,IRA,20250728,"$385,250.76",OPEN
ACCT000339,CUST00015,BR004,CHK,03/07/2018,411620.83,OPEN
ACCT000340,CUST00666,BR004,CD,01/08/2025,36755.37,OPEN
ACCT000341,CUST00486,BR007,CHK,04/23/2019,432671.44,CLOSED
ACCT000342,CUST00497,BR008,CHK,01/16/2023,92649.13,CLOSED
ACCT000343,CUST00053,BR006,CHK,20190225,470051.16,DORMANT
ACCT000344,CUST00611,BR012,LOC,2021-04-06,231435.81,DORMANT
ACCT000345,CUST00743,BR010,IRA,06/22/2023,341430.81,CLOSED
ACCT000346,CUST00591,BR006,LOC,18-Sep-2018,428045.44,CLOSED
ACCT000347,CUST00120,BR008,LOC,31-Mar-2025,212437.82,OPEN
ACCT000348,CUST00295,BR012,SAV,07-Apr-2023,207483.68,DORMANT
ACCT000349,CUST00702,BR006,LOC,20250514,58611.91,CLOSED
ACCT000350,CUST00427,BR011,IRA,20220115,382881.20,DORMANT
ACCT000351,CUST00213,BR005,IRA,20181220,57611.83,DORMANT
ACCT000352,CUST00504,BR002,CD,16-Jul-2023,108838.67,OPEN
ACCT000353,CUST00368,BR005,MMA,08/04/2025,79736.68,DORMANT
ACCT000354,CUST00033,BR002,MMA,2022-10-30,"$294,518.02",OPEN
ACCT000355,CUST00499,BR005,MMA,2021-12-26,368496.02,OPEN
ACCT000356,CUST00707,BR009,LOC,2025-07-05,337606.38,CLOSED
ACCT000357,CUST00469,BR002,CHK,2024-11-05,"$394,450.96",OPEN
ACCT000358,CUST00172,BR011,CHK,21-Apr-2020,71160.79,CLOSED
ACCT000359,CUST00781,BR009,CD,02/11/2019,308840.09,OPEN
ACCT000360,CUST00126,BR004,CD,2022-08-30,113978.29,OPEN
ACCT000361,CUST00294,BR009,SAV,16-Dec-2018,175631.63,OPEN
ACCT000362,CUST00645,BR011,SAV,20190913,"$376,799.63",CLOSED
ACCT000363,CUST00424,BR007,CD,16-Oct-2023,452714.02,OPEN
ACCT000364,CUST00735,BR009,CHK,14-Dec-2018,147680.22,OPEN
ACCT000365,CUST00445,BR001,CD,06/01/2018,"$432,717.90",DORMANT
ACCT000366,CUST00303,BR007,CD,20-Aug-2025,344952.26,OPEN
ACCT000367,CUST00009,BR005,LOC,11/05/2024,334643.11,OPEN
ACCT000368,CUST00558,BR010,LOC,20250424,333273.42,CLOSED
ACCT000369,CUST00795,BR004,MMA,2018-12-12,255655.24,OPEN
ACCT000370,CUST00533,BR009,MMA,2020-05-25,243160.73,OPEN
ACCT000371,CUST00776,BR011,SAV,2018-04-06,426804.88,OPEN
ACCT000372,CUST00248,BR005,IRA,2022-09-28,350013.29,OPEN
ACCT000373,CUST00643,BR009,MMA,2019-05-23,361931.57,CLOSED
ACCT000374,CUST00306,BR010,IRA,20180122,159405.44,DORMANT
ACCT000375,CUST00580,BR012,IRA,06/18/2025,164913.51,DORMANT
ACCT000376,CUST00689,BR003,IRA,03/27/2022,46035.06,OPEN
ACCT000377,CUST00798,BR006,CD,02/06/2019,340145.60,OPEN
ACCT000378,CUST00095,BR001,CD,20190617,"$99,170.43",DORMANT
ACCT000379,CUST00413,BR010,LOC,20231027,417927.17,CLOSED
ACCT000380,CUST00451,BR012,CD,09/04/2022,"$65,007.90",CLOSED
ACCT000381,CUST00133,BR012,LOC,2023-12-08,331818.29,OPEN
ACCT000382,CUST00765,BR003,LOC,2022-02-21,286776.10,OPEN
ACCT000383,CUST00379,BR010,MMA,06/14/2018,52104.97,OPEN
ACCT000384,CUST00311,BR005,CD,04/25/2018,63937.81,OPEN
ACCT000385,CUST00313,BR005,SAV,20200120,-3988.41,OPEN
ACCT000386,CUST00046,BR007,CD,05-Jun-2024,269395.53,CLOSED
ACCT000387,CUST00487,BR012,LOC,06/28/2019,239810.47,CLOSED
ACCT000388,CUST00684,BR008,SAV,2021-08-25,382908.64,CLOSED
ACCT000389,CUST00397,BR004,CD,2021-10-20,459668.55,OPEN
ACCT000390,CUST00662,BR002,SAV,2025-12-06,272417.47,OPEN
ACCT000391,CUST00575,BR011,CHK,2025-03-22,88326.97,DORMANT
ACCT000392,CUST00776,BR001,LOC,11/08/2023,359020.91,OPEN
ACCT000393,CUST00124,BR011,LOC,2020-01-07,128356.83,DORMANT
ACCT000394,CUST00455,BR002,LOC,21-Oct-2024,"$189,871.96",OPEN
ACCT000395,CUST00349,BR007,SAV,2022-08-27,411929.48,OPEN
ACCT000396,CUST00094,BR002,CHK,01/29/2024,133395.59,OPEN
ACCT000397,CUST00158,BR005,CD,08/11/2025,23573.16,OPEN
ACCT000398,CUST00028,BR012,CHK,20210505,"$42,890.94",OPEN
ACCT000399,CUST00265,BR007,CHK,08/01/2018,111217.14,OPEN
ACCT000400,CUST00505,BR009,LOC,2022-04-27,125604.45,DORMANT
ACCT000401,CUST00417,BR002,CD,20180429,302267.53,OPEN
ACCT000402,CUST00276,BR009,LOC,2025-07-28,114463.31,OPEN
ACCT000403,CUST00312,BR010,CD,2023-01-01,405444.76,OPEN
ACCT000404,CUST00383,BR009,SAV,20201001,461255.77,OPEN
ACCT000405,CUST00002,BR008,LOC,03/30/2021,-4736.68,CLOSED
ACCT000406,CUST00280,BR010,MMA,20250817,479632.31,OPEN
ACCT000407,CUST00600,BR009,MMA,07/06/2018,353503.73,OPEN
ACCT000408,CUST00092,BR007,IRA,05/19/2019,346660.78,CLOSED
ACCT000409,CUST00216,BR010,LOC,27-Jul-2021,303057.39,CLOSED
ACCT000410,CUST00280,BR004,IRA,10-Aug-2021,97152.59,OPEN
ACCT000411,CUST00017,BR012,SAV,2025-04-01,"$290,261.57",OPEN
ACCT000412,CUST00689,BR003,CD,20240326,364795.64,OPEN
ACCT000413,CUST00552,BR001,IRA,2022-12-29,166202.45,DORMANT
ACCT000414,CUST00367,BR007,SAV,2025-10-26,55510.47,OPEN
ACCT000415,CUST00456,BR001,SAV,23-Mar-2018,325068.86,OPEN
ACCT000416,CUST00093,BR010,IRA,05/26/2021,108615.10,OPEN
ACCT000417,CUST00038,BR005,CD,11/23/2025,-1539.33,CLOSED
ACCT000418,CUST00114,BR005,LOC,20230812,77681.39,DORMANT
ACCT000419,CUST00689,BR011,LOC,05/03/2024,"$26,699.90",OPEN
ACCT000420,CUST00131,BR005,LOC,22-Jul-2020,88048.00,DORMANT
ACCT000421,CUST00630,BR005,IRA,20240413,-4051.84,OPEN
ACCT000422,CUST00331,BR007,CD,2021-01-27,324884.14,OPEN
ACCT000423,CUST00530,BR001,IRA,2020-07-08,129797.52,CLOSED
ACCT000424,CUST00324,BR001,CD,08-Mar-2020,34677.32,OPEN
ACCT000425,CUST00756,BR004,IRA,2022-10-02,439742.68,OPEN
ACCT000426,CUST00319,BR002,IRA,2025-01-05,8518.28,OPEN
ACCT000427,CUST00607,BR011,MMA,10/22/2020,47302.72,OPEN
ACCT000428,CUST00056,BR006,LOC,2020-08-27,371238.49,OPEN
ACCT000429,CUST00641,BR008,LOC,2019-05-27,467644.91,CLOSED
ACCT000430,CUST00321,BR012,CHK,2019-06-07,440771.16,OPEN
ACCT000431,CUST00626,BR011,CD,2018-09-27,323618.76,OPEN
ACCT000432,CUST00391,BR007,CHK,20241203,108059.31,DORMANT
ACCT000433,CUST00011,BR008,CD,20230317,421770.01,OPEN
ACCT000434,CUST00667,BR011,CHK,03-Feb-2023,"$280,089.48",OPEN
ACCT000435,CUST00610,BR012,CHK,08/25/2024,"$433,619.45",DORMANT
ACCT000436,CUST00263,BR006,CD,20230526,"$85,172.85",OPEN
ACCT000437,CUST00062,BR003,MMA,20240722,243865.98,OPEN
ACCT000438,CUST00319,BR010,LOC,08/20/2019,222719.02,OPEN
ACCT000439,CUST00378,BR001,LOC,07/30/2024,22799.06,DORMANT
ACCT000440,CUST00056,BR007,MMA,03/11/2020,305669.07,OPEN
ACCT000441,CUST00350,BR004,IRA,20230503,285884.72,DORMANT
ACCT000442,CUST00580,BR006,LOC,20210512,"$154,380.24",OPEN
ACCT000443,CUST00508,BR004,CHK,03/01/2025,331211.97,OPEN
ACCT000444,CUST00245,BR008,IRA,20210919,94578.43,OPEN
ACCT000445,CUST00372,BR001,CHK,2022-01-05,"$264,025.43",CLOSED
ACCT000446,CUST00200,BR011,LOC,2022-01-14,468025.00,OPEN
ACCT000447,CUST00179,BR004,MMA,15-Dec-2019,406054.08,OPEN
ACCT000448,CUST00023,BR003,MMA,2019-02-19,"$398,251.18",OPEN
ACCT000449,CUST00347,BR004,MMA,02/12/2023,174275.72,OPEN
ACCT000450,CUST00540,BR010,CD,2025-12-22,52469.26,OPEN
ACCT000451,CUST00195,BR004,LOC,30-Mar-2022,149206.53,OPEN
ACCT000452,CUST00048,BR010,LOC,14-Feb-2020,377950.08,OPEN
ACCT000453,CUST00645,BR005,SAV,20230913,"$96,480.22",CLOSED
ACCT000454,CUST00680,BR010,CHK,20191117,359384.40,DORMANT
ACCT000455,CUST00384,BR008,LOC,03/17/2023,151084.22,CLOSED
ACCT000456,CUST00733,BR008,CD,20210104,304481.22,OPEN
ACCT000457,CUST00213,BR004,SAV,01/26/2023,187011.49,CLOSED
ACCT000458,CUST00586,BR003,MMA,2020-11-08,"$60,150.20",CLOSED
ACCT000459,CUST00532,BR006,SAV,2024-07-19,220647.76,CLOSED
ACCT000460,CUST00462,BR008,CD,03-Aug-2022,385184.67,CLOSED
ACCT000461,CUST00026,BR003,CD,15-Aug-2020,307997.10,OPEN
ACCT000462,CUST00302,BR009,LOC,2024-02-18,376148.55,OPEN
ACCT000463,CUST00122,BR002,MMA,06/06/2018,156872.55,OPEN
ACCT000464,CUST00310,BR012,IRA,01/29/2021,337236.68,DORMANT
ACCT000465,CUST00268,BR001,MMA,28-Feb-2021,374817.20,CLOSED
ACCT000466,CUST00594,BR011,CHK,04/18/2023,414751.07,OPEN
ACCT000467,CUST00486,BR004,LOC,20240801,345417.52,OPEN
ACCT000468,CUST00321,BR004,CD,20251029,96648.61,DORMANT
ACCT000469,CUST00031,BR006,SAV,06/23/2024,143202.39,CLOSED
ACCT000470,CUST00675,BR006,MMA,20200712,201473.88,DORMANT
ACCT000471,CUST00307,BR006,LOC,2018-04-06,442239.93,OPEN
ACCT000472,CUST00582,BR011,LOC,20241025,470383.48,CLOSED
ACCT000473,CUST00066,BR009,CD,20200211,47689.60,CLOSED
ACCT000474,CUST00655,BR005,CHK,2019-12-04,322319.49,DORMANT
ACCT000475,CUST00501,BR001,SAV,2020-03-26,437002.48,OPEN
ACCT000476,CUST00239,BR005,IRA,2023-11-18,215511.89,OPEN
ACCT000477,CUST00176,BR006,CD,05/21/2022,"$474,953.63",CLOSED
ACCT000478,CUST00490,BR012,CHK,05/13/2022,58017.16,CLOSED
ACCT000479,CUST00727,BR011,CD,13-Oct-2019,279933.60,CLOSED
ACCT000480,CUST00283,BR004,CHK,20190808,26025.47,OPEN
ACCT000481,CUST00539,BR006,LOC,20230704,"$219,407.30",OPEN
ACCT000482,CUST00295,BR011,CD,21-Nov-2021,184678.83,OPEN
ACCT000483,CUST00426,BR004,SAV,20241205,217046.65,OPEN
ACCT000484,CUST00716,BR010,CHK,2022-05-31,111252.20,OPEN
ACCT000485,CUST00644,BR009,MMA,2025-06-23,333551.34,OPEN
ACCT000486,CUST00506,BR007,LOC,12-May-2019,"$32,118.81",OPEN
ACCT000487,CUST00420,BR008,SAV,11/01/2020,240441.32,OPEN
ACCT000488,CUST00655,BR012,IRA,20230307,161673.99,OPEN
ACCT000489,CUST00407,BR001,CHK,2020-10-23,"$338,913.31",CLOSED
ACCT000490,CUST00497,BR008,CHK,12/05/2018,341087.05,CLOSED
ACCT000491,CUST00286,BR003,SAV,2018-03-15,"$80,959.75",CLOSED
ACCT000492,CUST00173,BR002,IRA,15-Feb-2018,69445.79,OPEN
ACCT000493,CUST00732,BR001,IRA,12/21/2023,"$209,398.20",DORMANT
ACCT000494,CUST00657,BR011,IRA,2025-05-27,184449.92,OPEN
ACCT000495,CUST00613,BR001,CHK,03/26/2022,445477.97,OPEN
ACCT000496,CUST00205,BR002,CHK,2022-09-24,474805.95,OPEN
ACCT000497,CUST00697,BR011,CHK,2020-06-22,381508.22,OPEN
ACCT000498,CUST00742,BR003,CHK,2022-08-30,390577.80,OPEN
ACCT000499,CUST00640,BR004,LOC,20220607,53589.92,OPEN
ACCT000500,CUST00332,BR003,CHK,06-Jul-2022,810.97,OPEN
ACCT000501,CUST00068,BR011,MMA,16-Apr-2025,16310.39,CLOSED
ACCT000502,CUST00309,BR010,CD,02/22/2019,"$117,190.97",OPEN
ACCT000503,CUST00647,BR012,CD,08/08/2025,156042.58,OPEN
ACCT000504,CUST00683,BR008,CHK,2021-10-04,290138.66,CLOSED
ACCT000505,CUST00524,BR011,IRA,2020-08-10,107813.86,OPEN
ACCT000506,CUST00317,BR004,IRA,10/22/2022,"$295,586.62",OPEN
ACCT000507,CUST00511,BR005,SAV,20190914,"$94,126.89",DORMANT
ACCT000508,CUST00455,BR012,MMA,04-Jul-2019,149006.25,OPEN
ACCT000509,CUST00534,BR007,IRA,2021-03-27,106069.86,OPEN
ACCT000510,CUST00249,BR004,LOC,08/10/2018,383704.13,OPEN
ACCT000511,CUST00623,BR007,LOC,08/10/2021,"$209,545.03",CLOSED
ACCT000512,CUST00072,BR004,CHK,02/11/2025,"$450,063.15",OPEN
ACCT000513,CUST00607,BR009,SAV,2020-08-25,201726.31,OPEN
ACCT000514,CUST00739,BR004,SAV,10/03/2022,288837.85,DORMANT
ACCT000515,CUST00460,BR011,SAV,20210118,33807.75,CLOSED
ACCT000516,CUST00387,BR003,CD,20221213,240066.89,OPEN
ACCT000517,CUST00494,BR001,CD,2022-10-17,363046.29,DORMANT
ACCT000518,CUST00551,BR003,LOC,21-Dec-2019,179518.37,OPEN
ACCT000519,CUST00385,BR009,LOC,2023-05-24,156618.56,OPEN
ACCT000520,CUST00159,BR004,CHK,22-Feb-2018,233355.05,CLOSED
ACCT000521,CUST00761,BR006,CD,29-Jun-2023,305908.63,CLOSED
ACCT000522,CUST00040,BR002,CD,05/05/2024,89200.68,OPEN
ACCT000523,CUST00790,BR012,MMA,20230919,302965.18,OPEN
ACCT000524,CUST00667,BR007,CD,10/07/2020,226696.90,OPEN
ACCT000525,CUST00647,BR012,IRA,04/26/2018,121745.39,OPEN
ACCT000526,CUST00261,BR004,LOC,06/26/2024,983.63,CLOSED
ACCT000527,CUST00408,BR012,LOC,11/26/2018,419862.99,CLOSED
ACCT000528,CUST00259,BR012,MMA,20230813,279248.69,OPEN
ACCT000529,CUST00112,BR011,LOC,11/11/2021,125475.35,CLOSED
ACCT000530,CUST00716,BR005,CHK,20191121,"$-4,234.39",CLOSED
ACCT000531,CUST00538,BR007,IRA,20210327,77757.61,OPEN
ACCT000532,CUST00203,BR008,SAV,2023-08-21,213570.48,OPEN
ACCT000533,CUST00206,BR001,IRA,01/19/2020,120785.68,CLOSED
ACCT000534,CUST00452,BR011,LOC,03/24/2019,"$33,707.75",OPEN
ACCT000535,CUST00284,BR002,MMA,05/02/2018,226780.10,OPEN
ACCT000536,CUST00010,BR001,MMA,2018-01-30,41968.30,OPEN
ACCT000537,CUST00385,BR010,LOC,20201224,224517.41,CLOSED
ACCT000538,CUST00345,BR006,IRA,06-Nov-2021,391170.89,CLOSED
ACCT000539,CUST00388,BR010,CHK,29-Dec-2021,"$386,041.05",CLOSED
ACCT000540,CUST00743,BR003,CHK,2024-10-01,416467.56,OPEN
ACCT000541,CUST00378,BR008,LOC,20250911,244733.29,OPEN
ACCT000542,CUST00654,BR006,CHK,08-Feb-2025,418615.73,OPEN
ACCT000543,CUST00695,BR008,SAV,20241021,189080.12,OPEN
ACCT000544,CUST00357,BR007,CD,2025-05-20,351124.71,OPEN
ACCT000545,CUST00730,BR003,LOC,2024-05-31,57012.76,OPEN
ACCT000546,CUST00690,BR009,CD,20191120,458199.84,DORMANT
ACCT000547,CUST00247,BR004,SAV,2019-11-30,46152.79,OPEN
ACCT000548,CUST00165,BR006,CD,02/22/2021,343799.87,OPEN
ACCT000549,CUST00682,BR003,LOC,20250208,38864.25,OPEN
ACCT000550,CUST00590,BR010,CHK,22-Mar-2025,177850.01,CLOSED
ACCT000551,CUST00670,BR011,LOC,11/25/2022,"$103,422.16",OPEN
ACCT000552,CUST00115,BR002,MMA,08/22/2024,"$356,139.61",OPEN
ACCT000553,CUST00131,BR006,CD,2024-06-21,145737.47,OPEN
ACCT000554,CUST00398,BR007,MMA,02/04/2022,247079.42,OPEN
ACCT000555,CUST00110,BR007,CHK,20240114,148224.22,OPEN
ACCT000556,CUST00225,BR008,IRA,02/10/2023,"$286,710.73",OPEN
ACCT000557,CUST00614,BR006,MMA,2023-08-20,127624.48,DORMANT
ACCT000558,CUST00490,BR011,SAV,21-Jul-2023,336508.13,OPEN
ACCT000559,CUST00157,BR012,SAV,2020-07-10,442731.56,CLOSED
ACCT000560,CUST00745,BR007,MMA,05/24/2025,475665.66,OPEN
ACCT000561,CUST00433,BR011,CD,20211127,184665.60,OPEN
ACCT000562,CUST00290,BR012,SAV,20251111,42199.99,DORMANT
ACCT000563,CUST00056,BR012,MMA,02/18/2023,274921.34,CLOSED
ACCT000564,CUST00299,BR003,SAV,06/12/2020,"$351,629.66",DORMANT
ACCT000565,CUST00105,BR011,SAV,20220323,324530.95,OPEN
ACCT000566,CUST00099,BR006,CD,2020-01-06,51913.22,OPEN
ACCT000567,CUST00608,BR007,SAV,20250112,"$113,825.49",CLOSED
ACCT000568,CUST00501,BR005,IRA,09/07/2024,311606.53,OPEN
ACCT000569,CUST00797,BR008,IRA,15-Apr-2022,301681.75,OPEN
ACCT000570,CUST00123,BR002,CHK,20190515,306083.52,OPEN
ACCT000571,CUST00024,BR010,LOC,20240603,127756.53,DORMANT
ACCT000572,CUST00186,BR007,CD,20250325,"$139,706.22",OPEN
ACCT000573,CUST00066,BR012,LOC,20200128,"$389,240.95",DORMANT
ACCT000574,CUST00550,BR009,CD,2018-09-19,360451.48,OPEN
ACCT000575,CUST00186,BR010,IRA,2020-01-08,264040.06,OPEN
ACCT000576,CUST00041,BR003,LOC,04/24/2020,37593.15,OPEN
ACCT000577,CUST00087,BR002,LOC,07-May-2021,463643.94,OPEN
ACCT000578,CUST00255,BR005,CHK,29-Oct-2023,314691.43,DORMANT
ACCT000579,CUST00503,BR012,MMA,11-Nov-2023,288993.48,OPEN
ACCT000580,CUST00679,BR001,SAV,05/31/2018,63708.66,OPEN
ACCT000581,CUST00138,BR010,LOC,03-Jun-2020,129536.92,CLOSED
ACCT000582,CUST00077,BR009,MMA,20201203,310137.94,CLOSED
ACCT000583,CUST00086,BR005,IRA,10/09/2022,"$254,913.60",OPEN
ACCT000584,CUST00649,BR012,IRA,29-Feb-2020,268366.45,DORMANT
ACCT000585,CUST00620,BR003,CD,21-Sep-2019,476337.76,OPEN
ACCT000586,CUST00619,BR004,CHK,2021-01-11,252763.03,CLOSED
ACCT000587,CUST00068,BR006,IRA,31-Dec-2018,435984.01,OPEN
ACCT000588,CUST00232,BR005,CHK,20190206,470050.33,OPEN
ACCT000589,CUST00127,BR003,LOC,20210609,41337.17,DORMANT
ACCT000590,CUST00289,BR009,MMA,2024-10-24,429836.57,CLOSED
ACCT000591,CUST00186,BR006,IRA,20250808,"$226,278.01",OPEN
ACCT000592,CUST00704,BR009,IRA,09/29/2019,64195.02,OPEN
ACCT000593,CUST00055,BR012,IRA,02/25/2022,323934.38,CLOSED
ACCT000594,CUST00188,BR008,MMA,04-Apr-2023,128774.14,OPEN
ACCT000595,CUST00313,BR011,CHK,20210605,368730.52,OPEN
ACCT000596,CUST00079,BR012,SAV,01/19/2019,"$274,028.60",OPEN
ACCT000597,CUST00568,BR008,CHK,10/03/2022,227633.13,DORMANT
ACCT000598,CUST00715,BR002,CD,02/26/2018,436779.91,CLOSED
ACCT000599,CUST00720,BR009,IRA,11/14/2021,477197.64,DORMANT
ACCT000600,CUST00701,BR010,CHK,20241023,462853.98,DORMANT
ACCT000601,CUST00231,BR003,CHK,02/12/2022,244136.97,CLOSED
ACCT000602,CUST00508,BR007,SAV,2022-03-09,158909.92,DORMANT
ACCT000603,CUST00785,BR002,MMA,20210510,137369.34,DORMANT
ACCT000604,CUST00404,BR004,MMA,2025-03-18,448675.98,CLOSED
ACCT000605,CUST00059,BR006,CHK,20241126,154347.62,OPEN
ACCT000606,CUST00359,BR012,SAV,05-Jul-2022,-701.09,OPEN
ACCT000607,CUST00087,BR009,LOC,20190922,55063.68,OPEN
ACCT000608,CUST00788,BR011,MMA,20200715,186749.03,CLOSED
ACCT000609,CUST00187,BR009,MMA,20190322,313295.63,OPEN
ACCT000610,CUST00363,BR012,CD,24-Jan-2018,423534.49,OPEN
ACCT000611,CUST00195,BR005,CHK,20190702,199212.05,OPEN
ACCT000612,CUST00165,BR011,SAV,18-May-2023,52614.27,CLOSED
ACCT000613,CUST00699,BR012,SAV,20210823,238401.41,CLOSED
ACCT000614,CUST00135,BR002,CHK,03/28/2018,70437.86,OPEN
ACCT000615,CUST00054,BR011,MMA,2022-10-26,205649.33,CLOSED
ACCT000616,CUST00085,BR007,SAV,12/04/2024,348685.56,OPEN
ACCT000617,CUST00786,BR002,MMA,11/11/2025,318170.27,CLOSED
ACCT000618,CUST00724,BR002,IRA,08/20/2023,86504.46,OPEN
ACCT000619,CUST00235,BR002,SAV,2022-07-02,127822.89,OPEN
ACCT000620,CUST00437,BR001,LOC,2020-03-28,414209.80,DORMANT
ACCT000621,CUST00314,BR012,IRA,08/05/2020,158046.26,DORMANT
ACCT000622,CUST00438,BR011,CHK,2021-05-31,125584.35,OPEN
ACCT000623,CUST00729,BR007,SAV,2021-08-03,"$83,149.54",OPEN
ACCT000624,CUST00218,BR005,CD,2021-02-21,203990.15,CLOSED
ACCT000625,CUST00373,BR006,MMA,2019-04-02,319439.56,OPEN
ACCT000626,CUST00340,BR006,IRA,20-Jan-2022,110552.33,DORMANT
ACCT000627,CUST00394,BR002,CHK,2019-06-19,14903.88,OPEN
ACCT000628,CUST00198,BR012,CD,2019-02-09,451781.73,OPEN
ACCT000629,CUST00743,BR008,SAV,12/26/2023,16248.39,DORMANT
ACCT000630,CUST00729,BR005,LOC,23-Nov-2021,212513.88,CLOSED
ACCT000631,CUST00070,BR008,CD,2023-11-16,75963.54,OPEN
ACCT000632,CUST00297,BR001,LOC,09/07/2018,354246.87,DORMANT
ACCT000633,CUST00526,BR002,SAV,20221129,267811.82,DORMANT
ACCT000634,CUST00279,BR004,SAV,01/15/2018,272370.52,OPEN
ACCT000635,CUST00526,BR008,LOC,08-Dec-2025,142153.93,OPEN
ACCT000636,CUST00566,BR002,SAV,2020-07-06,253779.41,OPEN
ACCT000637,CUST00285,BR003,MMA,07/31/2018,474925.09,OPEN
ACCT000638,CUST00002,BR011,MMA,04-Feb-2025,152412.51,DORMANT
ACCT000639,CUST00271,BR012,SAV,31-Jul-2022,"$152,448.04",OPEN
ACCT000640,CUST00365,BR004,IRA,02/19/2021,"$119,153.80",DORMANT
ACCT000641,CUST00109,BR012,IRA,20250919,453643.31,DORMANT
ACCT000642,CUST00565,BR004,CD,22-Jun-2020,125364.85,CLOSED
ACCT000643,CUST00160,BR008,SAV,13-Nov-2022,66942.08,CLOSED
ACCT000644,CUST00186,BR008,SAV,12/23/2019,271284.12,OPEN
ACCT000645,CUST00664,BR005,CHK,06/24/2021,424347.73,DORMANT
ACCT000646,CUST00193,BR002,SAV,20181023,113948.11,CLOSED
ACCT000647,CUST00103,BR012,LOC,2019-07-17,287597.36,OPEN
ACCT000648,CUST00113,BR001,IRA,06/29/2018,"$115,446.33",OPEN
ACCT000649,CUST00643,BR010,CHK,2018-02-08,258049.53,OPEN
ACCT000650,CUST00208,BR003,CD,20240424,390500.49,CLOSED
ACCT000651,CUST00159,BR004,CHK,05-Feb-2024,"$299,330.64",OPEN
ACCT000652,CUST00106,BR009,MMA,20190225,63789.99,OPEN
ACCT000653,CUST00233,BR007,CD,27-Aug-2019,312851.83,CLOSED
ACCT000654,CUST00704,BR012,CHK,07/08/2023,475522.51,OPEN
ACCT000655,CUST00366,BR002,LOC,2021-09-28,169839.35,OPEN
ACCT000656,CUST00045,BR010,SAV,20191231,252283.11,CLOSED
ACCT000657,CUST00154,BR011,IRA,20-May-2021,"$163,967.06",CLOSED
ACCT000658,CUST00678,BR006,MMA,2025-12-23,377595.22,OPEN
ACCT000659,CUST00797,BR011,SAV,08/04/2021,184440.79,CLOSED
ACCT000660,CUST00069,BR002,LOC,17-Oct-2022,65163.89,OPEN
ACCT000661,CUST00187,BR007,MMA,20210731,200558.55,CLOSED
ACCT000662,CUST00617,BR011,MMA,07/21/2019,180844.83,DORMANT
ACCT000663,CUST00547,BR008,LOC,01/06/2024,181544.22,CLOSED
ACCT000664,CUST00540,BR010,IRA,2020-06-17,"$109,068.64",OPEN
ACCT000665,CUST00372,BR009,CD,2019-07-02,23895.03,OPEN
ACCT000666,CUST00302,BR008,SAV,20240308,112611.24,OPEN
ACCT000667,CUST00765,BR003,CHK,10/20/2025,"$178,068.48",CLOSED
ACCT000668,CUST00381,BR001,IRA,2019-03-11,226260.89,OPEN
ACCT000669,CUST00031,BR003,MMA,2019-08-02,"$113,847.21",CLOSED
ACCT000670,CUST00154,BR003,CD,28-Jul-2019,223039.48,CLOSED
ACCT000671,CUST00661,BR012,CHK,2021-03-20,70605.36,OPEN
ACCT000672,CUST00619,BR003,LOC,2019-10-19,187249.48,CLOSED
ACCT000673,CUST00568,BR012,MMA,01-Jun-2024,339036.12,OPEN
ACCT000674,CUST00279,BR002,LOC,03/27/2022,355420.35,OPEN
ACCT000675,CUST00225,BR007,SAV,2024-04-09,391031.04,OPEN
ACCT000676,CUST00669,BR011,CD,04/08/2022,21515.75,CLOSED
ACCT000677,CUST00200,BR005,CHK,2019-03-04,170910.29,OPEN
ACCT000678,CUST00029,BR004,MMA,2019-10-29,26679.80,OPEN
ACCT000679,CUST00193,BR009,SAV,2025-02-27,"$111,562.55",DORMANT
ACCT000680,CUST00579,BR001,LOC,2023-06-05,"$18,303.72",OPEN
ACCT000681,CUST00009,BR006,MMA,06/19/2022,147519.13,OPEN
ACCT000682,CUST00133,BR012,IRA,03-Feb-2019,192533.98,OPEN
ACCT000683,CUST00515,BR003,CHK,20240802,226322.22,OPEN
ACCT000684,CUST00298,BR003,SAV,20250827,33195.14,OPEN
ACCT000685,CUST00221,BR011,IRA,07/31/2019,476807.07,DORMANT
ACCT000686,CUST00668,BR009,MMA,01/07/2023,159425.04,CLOSED
ACCT000687,CUST00041,BR012,IRA,05/07/2022,96278.01,OPEN
ACCT000688,CUST00157,BR010,IRA,2023-07-31,"$385,292.33",OPEN
ACCT000689,CUST00561,BR002,CD,20190121,147153.57,OPEN
ACCT000690,CUST00070,BR005,LOC,28-Jan-2022,38276.18,CLOSED
ACCT000691,CUST00265,BR008,MMA,12/16/2022,450817.29,CLOSED
ACCT000692,CUST00041,BR006,MMA,20220701,410645.47,OPEN
ACCT000693,CUST00452,BR006,LOC,02-Jan-2025,176236.30,DORMANT
ACCT000694,CUST00461,BR005,IRA,2018-06-24,354405.64,DORMANT
ACCT000695,CUST00009,BR003,CHK,20210405,71729.81,OPEN
ACCT000696,CUST00229,BR007,CD,2025-07-03,164234.91,DORMANT
ACCT000697,CUST00477,BR002,CHK,2020-01-09,439968.27,CLOSED
ACCT000698,CUST00205,BR007,MMA,22-Sep-2018,161075.42,OPEN
ACCT000699,CUST00720,BR012,CD,14-Apr-2019,215470.64,CLOSED
ACCT000700,CUST00150,BR011,SAV,2021-08-04,474088.21,OPEN
ACCT000701,CUST00371,BR007,CD,2020-05-24,"$97,574.05",CLOSED
ACCT000702,CUST00277,BR005,IRA,2019-12-23,63742.88,OPEN
ACCT000703,CUST00306,BR012,CD,09/16/2022,319777.53,OPEN
ACCT000704,CUST00095,BR007,MMA,05/01/2021,91323.57,CLOSED
ACCT000705,CUST00487,BR009,IRA,20191021,167025.80,CLOSED
ACCT000706,CUST00011,BR009,LOC,2020-03-24,345520.99,OPEN
ACCT000707,CUST00332,BR011,IRA,2021-07-20,67995.55,OPEN
ACCT000708,CUST00512,BR006,CHK,20250723,122459.31,CLOSED
ACCT000709,CUST00129,BR011,CD,2025-03-02,12695.70,OPEN
ACCT000710,CUST00431,BR012,LOC,20191112,99826.58,OPEN
ACCT000711,CUST00696,BR010,CHK,25-Feb-2022,2852.77,DORMANT
ACCT000712,CUST00128,BR012,CD,20250411,195816.06,DORMANT
ACCT000713,CUST00437,BR009,MMA,04/10/2019,217529.43,DORMANT
ACCT000714,CUST00610,BR003,LOC,20221121,133238.55,CLOSED
ACCT000715,CUST00650,BR005,IRA,2024-12-16,477751.16,OPEN
ACCT000716,CUST00092,BR011,CHK,20241129,45282.52,DORMANT
ACCT000717,CUST00558,BR002,IRA,2022-12-25,318839.42,OPEN
ACCT000718,CUST00229,BR008,LOC,2022-04-10,89846.72,OPEN
ACCT000719,CUST00360,BR008,CD,20250326,-1311.51,OPEN
ACCT000720,CUST00520,BR005,MMA,21-May-2025,144087.39,CLOSED
ACCT000721,CUST00690,BR004,CHK,2022-08-26,2532.08,OPEN
ACCT000722,CUST00532,BR012,LOC,24-Jul-2021,77649.21,CLOSED
ACCT000723,CUST00248,BR009,CD,20200229,396846.70,DORMANT
ACCT000724,CUST00440,BR003,IRA,05/19/2022,190512.72,OPEN
ACCT000725,CUST00448,BR004,CHK,12/18/2025,239564.67,CLOSED
ACCT000726,CUST00781,BR011,MMA,03/14/2024,455119.65,OPEN
ACCT000727,CUST00027,BR007,CHK,01/19/2025,8491.89,OPEN
ACCT000728,CUST00586,BR007,CHK,20190619,302714.63,OPEN
ACCT000729,CUST00246,BR011,SAV,05/01/2021,254677.35,CLOSED
ACCT000730,CUST00789,BR005,IRA,31-Jul-2018,"$35,237.23",OPEN
ACCT000731,CUST00654,BR010,CHK,20190331,"$444,691.53",OPEN
ACCT000732,CUST00290,BR005,SAV,2019-01-16,234708.85,OPEN
ACCT000733,CUST00401,BR002,CD,20180331,30684.35,OPEN
ACCT000734,CUST00216,BR011,CD,18-Mar-2022,302272.62,OPEN
ACCT000735,CUST00185,BR005,CHK,2020-01-02,51845.46,OPEN
ACCT000736,CUST00496,BR010,LOC,2024-02-17,71818.31,OPEN
ACCT000737,CUST00198,BR010,CHK,2024-01-05,246227.54,OPEN
ACCT000738,CUST00374,BR002,SAV,01-May-2018,"$62,204.03",OPEN
ACCT000739,CUST00275,BR005,CD,2020-03-27,164048.39,OPEN
ACCT000740,CUST00479,BR012,CD,20221122,442338.83,OPEN
ACCT000741,CUST00704,BR012,MMA,2022-05-29,278069.40,OPEN
ACCT000742,CUST00170,BR004,IRA,20230622,423185.81,OPEN
ACCT000743,CUST00327,BR010,CHK,20241023,203216.79,OPEN
ACCT000744,CUST00648,BR002,CD,2019-11-17,459677.26,CLOSED
ACCT000745,CUST00301,BR010,IRA,13-Dec-2023,"$188,178.73",OPEN
ACCT000746,CUST00440,BR003,MMA,2020-10-01,99364.32,OPEN
ACCT000747,CUST00799,BR006,CHK,09-Feb-2018,328821.82,OPEN
ACCT000748,CUST00477,BR010,MMA,2020-08-10,182011.58,DORMANT
ACCT000749,CUST00223,BR002,LOC,2021-02-12,273364.97,CLOSED
ACCT000750,CUST00326,BR006,SAV,2020-03-18,384321.72,OPEN
ACCT000751,CUST00432,BR002,CHK,01/29/2023,286693.88,OPEN
ACCT000752,CUST00591,BR001,MMA,2018-03-15,437146.92,CLOSED
ACCT000753,CUST00038,BR009,LOC,10-Jun-2018,"$307,716.20",OPEN
ACCT000754,CUST00426,BR012,MMA,30-Jan-2021,360540.76,DORMANT
ACCT000755,CUST00794,BR006,CD,2024-11-13,185763.83,CLOSED
ACCT000756,CUST00506,BR011,CHK,2022-03-12,"$9,204.77",OPEN
ACCT000757,CUST00143,BR002,MMA,20250917,"$104,775.51",OPEN
ACCT000758,CUST00551,BR001,IRA,04-Aug-2018,"$423,409.88",OPEN
ACCT000759,CUST00312,BR002,MMA,20210910,125907.35,OPEN
ACCT000760,CUST00598,BR008,CHK,02-Jun-2019,413019.03,CLOSED
ACCT000761,CUST00653,BR008,IRA,05/17/2019,275274.09,OPEN
ACCT000762,CUST00330,BR012,CD,2020-07-14,122948.84,OPEN
ACCT000763,CUST00362,BR009,SAV,05/25/2025,"$332,058.06",CLOSED
ACCT000764,CUST00062,BR004,CHK,07/09/2025,222052.94,CLOSED
ACCT000765,CUST00108,BR006,SAV,15-Aug-2024,363836.66,CLOSED
ACCT000766,CUST00672,BR003,LOC,03/09/2019,101110.64,CLOSED
ACCT000767,CUST00636,BR009,SAV,06/28/2022,28290.07,OPEN
ACCT000768,CUST00592,BR011,CHK,20190827,419955.17,OPEN
ACCT000769,CUST00017,BR008,SAV,2020-12-28,225976.61,OPEN
ACCT000770,CUST00272,BR002,LOC,11-Dec-2018,204264.71,DORMANT
ACCT000771,CUST00442,BR009,MMA,20180806,"$127,205.60",CLOSED
ACCT000772,CUST00750,BR007,SAV,04/19/2021,190305.67,DORMANT
ACCT000773,CUST00623,BR008,LOC,2022-11-11,325362.85,OPEN
ACCT000774,CUST00225,BR002,CHK,27-May-2018,110802.06,OPEN
ACCT000775,CUST00232,BR010,IRA,20220716,185549.43,OPEN
ACCT000776,CUST00508,BR004,SAV,13-Apr-2020,303896.12,OPEN
ACCT000777,CUST00752,BR001,CHK,20200129,353459.01,OPEN
ACCT000778,CUST00175,BR006,IRA,10/12/2018,85862.04,OPEN
ACCT000779,CUST00014,BR011,CD,19-Oct-2022,5101.02,OPEN
ACCT000780,CUST00175,BR011,CHK,30-Aug-2024,465227.64,CLOSED
ACCT000781,CUST00254,BR008,CHK,2018-07-05,270124.36,OPEN
ACCT000782,CUST00538,BR009,SAV,2019-08-24,43496.34,OPEN
ACCT000783,CUST00464,BR008,IRA,07-Dec-2021,316753.13,CLOSED
ACCT000784,CUST00014,BR006,MMA,18-Dec-2025,427315.62,DORMANT
ACCT000785,CUST00496,BR002,MMA,2025-09-09,66731.69,OPEN
ACCT000786,CUST00676,BR003,MMA,2023-08-02,113518.39,CLOSED
ACCT000787,CUST00369,BR004,IRA,01/01/2019,441513.92,OPEN
ACCT000788,CUST00281,BR011,IRA,20240210,473855.86,OPEN
ACCT000789,CUST00272,BR011,MMA,20210918,280736.70,OPEN
ACCT000790,CUST00317,BR004,CHK,01-Jul-2024,"$399,573.21",CLOSED
ACCT000791,CUST00581,BR006,MMA,2019-03-28,236979.60,CLOSED
ACCT000792,CUST00698,BR003,LOC,04/01/2021,142268.12,OPEN
ACCT000793,CUST00016,BR008,CHK,09-Jun-2020,"$395,353.24",CLOSED
ACCT000794,CUST00314,BR001,CD,2021-12-13,"$19,202.49",OPEN
ACCT000795,CUST00515,BR011,LOC,2019-09-28,"$340,900.59",OPEN
ACCT000796,CUST00443,BR010,CHK,04/06/2021,10586.29,OPEN
ACCT000797,CUST00695,BR011,CD,20220927,"$463,949.81",OPEN
ACCT000798,CUST00310,BR010,MMA,20191211,324277.76,DORMANT
ACCT000799,CUST00143,BR011,SAV,10/21/2020,196911.47,OPEN
ACCT000800,CUST00088,BR005,LOC,20250117,259727.88,CLOSED
ACCT000801,CUST00099,BR003,LOC,16-Dec-2022,239350.36,OPEN
ACCT000802,CUST00480,BR006,CD,20230326,461301.76,DORMANT
ACCT000803,CUST00028,BR007,CHK,30-Jul-2019,376516.56,OPEN
ACCT000804,CUST00131,BR010,LOC,05-May-2024,20964.97,OPEN
ACCT000805,CUST00413,BR011,CHK,20230311,"$402,011.05",OPEN
ACCT000806,CUST00666,BR002,MMA,2024-08-31,393640.96,OPEN
ACCT000807,CUST00063,BR002,IRA,2024-07-22,335262.74,DORMANT
ACCT000808,CUST00759,BR008,SAV,07/04/2020,140932.72,OPEN
ACCT000809,CUST00497,BR010,IRA,2020-04-02,27563.90,OPEN
ACCT000810,CUST00533,BR002,SAV,2020-04-16,224765.07,CLOSED
ACCT000811,CUST00401,BR001,CHK,20210513,229603.97,OPEN
ACCT000812,CUST00560,BR005,LOC,20250822,411767.24,CLOSED
ACCT000813,CUST00150,BR011,CHK,01/27/2020,391996.80,OPEN
ACCT000814,CUST00524,BR012,IRA,02/18/2024,225936.82,OPEN
ACCT000815,CUST00603,BR008,MMA,27-Jun-2025,184726.77,OPEN
ACCT000816,CUST00476,BR007,CD,2019-08-30,"$132,459.78",CLOSED
ACCT000817,CUST00012,BR010,MMA,20180520,15676.42,OPEN
ACCT000818,CUST00480,BR012,CD,2021-02-08,471150.54,DORMANT
ACCT000819,CUST00216,BR006,IRA,20231121,243826.90,OPEN
ACCT000820,CUST00361,BR011,IRA,25-Apr-2024,217848.65,OPEN
ACCT000821,CUST00286,BR011,MMA,2022-06-02,439337.61,CLOSED
ACCT000822,CUST00484,BR010,IRA,09-Jan-2020,57769.66,DORMANT
ACCT000823,CUST00357,BR010,LOC,2022-07-12,16790.63,OPEN
ACCT000824,CUST00238,BR002,IRA,20190312,448103.45,OPEN
ACCT000825,CUST00791,BR012,SAV,03/08/2019,348159.13,CLOSED
ACCT000826,CUST00066,BR001,LOC,2020-10-22,13147.86,CLOSED
ACCT000827,CUST00782,BR006,LOC,2025-01-29,442922.16,CLOSED
ACCT000828,CUST00387,BR003,IRA,06/08/2024,89923.20,OPEN
ACCT000829,CUST00231,BR004,IRA,20191026,389711.30,OPEN
ACCT000830,CUST00089,BR010,CHK,2025-01-20,93716.71,OPEN
ACCT000831,CUST00369,BR007,LOC,2024-02-17,160244.99,DORMANT
ACCT000832,CUST00509,BR004,SAV,20240525,237912.39,DORMANT
ACCT000833,CUST00142,BR002,CD,20221018,418878.80,OPEN
ACCT000834,CUST00530,BR005,CHK,20190429,106828.15,OPEN
ACCT000835,CUST00024,BR004,MMA,20201026,"$336,087.56",OPEN
ACCT000836,CUST00295,BR002,LOC,06/14/2024,408799.68,DORMANT
ACCT000837,CUST00320,BR007,LOC,2018-08-21,277644.67,OPEN
ACCT000838,CUST00669,BR001,CHK,20211016,121527.34,OPEN
ACCT000839,CUST00143,BR004,LOC,2021-09-12,"$109,274.34",DORMANT
ACCT000840,CUST00625,BR012,CHK,2021-11-17,455705.27,DORMANT
ACCT000841,CUST00083,BR009,CD,15-Jun-2019,"$345,814.94",CLOSED
ACCT000842,CUST00520,BR004,IRA,20211205,226632.41,OPEN
ACCT000843,CUST00022,BR001,CHK,20200314,325741.49,DORMANT
ACCT000844,CUST00494,BR001,CD,03/26/2022,203413.54,OPEN
ACCT000845,CUST00119,BR008,CHK,26-Nov-2024,165617.71,OPEN
ACCT000846,CUST00244,BR004,CHK,2024-08-07,105156.05,DORMANT
ACCT000847,CUST00582,BR001,CHK,2020-10-20,"$32,156.66",OPEN
ACCT000848,CUST00290,BR001,MMA,12/03/2021,"$479,073.07",CLOSED
ACCT000849,CUST00491,BR011,CHK,2025-05-13,32043.27,OPEN
ACCT000850,CUST00507,BR012,IRA,01/02/2022,210117.79,OPEN
ACCT000851,CUST00799,BR009,MMA,05/01/2025,250519.43,DORMANT
ACCT000852,CUST00516,BR002,CHK,20211120,337168.31,OPEN
ACCT000853,CUST00081,BR004,SAV,11/04/2023,142895.51,OPEN
ACCT000854,CUST00382,BR012,SAV,05/27/2018,333695.84,CLOSED
ACCT000855,CUST00117,BR001,CD,19-May-2018,129814.16,OPEN
ACCT000856,CUST00062,BR005,LOC,20220422,4141.51,CLOSED
ACCT000857,CUST00046,BR004,SAV,04/03/2022,315063.96,OPEN
ACCT000858,CUST00033,BR009,MMA,17-Apr-2018,442508.86,DORMANT
ACCT000859,CUST00222,BR001,MMA,20241220,414885.01,OPEN
ACCT000860,CUST00112,BR009,CD,08-Aug-2025,411379.34,CLOSED
ACCT000861,CUST00435,BR010,IRA,16-May-2024,73836.20,OPEN
ACCT000862,CUST00136,BR001,MMA,27-Aug-2025,36485.38,DORMANT
ACCT000863,CUST00303,BR006,LOC,2022-06-05,293540.42,OPEN
ACCT000864,CUST00669,BR010,CHK,25-May-2019,270693.92,OPEN
ACCT000865,CUST00184,BR008,CD,20180312,$-697.71,OPEN
ACCT000866,CUST00492,BR011,LOC,20200611,23413.65,OPEN
ACCT000867,CUST00625,BR009,MMA,20180920,82204.90,OPEN
ACCT000868,CUST00266,BR008,SAV,07/20/2020,66247.37,OPEN
ACCT000869,CUST00239,BR002,IRA,06/07/2018,326954.07,DORMANT
ACCT000870,CUST00325,BR001,LOC,2020-07-22,456576.34,OPEN
ACCT000871,CUST00017,BR011,MMA,2024-01-23,286280.74,OPEN
ACCT000872,CUST00520,BR008,CHK,2023-09-25,109934.67,OPEN
ACCT000873,CUST00698,BR007,CHK,20250314,"$419,788.77",OPEN
ACCT000874,CUST00622,BR006,MMA,30-Jul-2022,223282.24,DORMANT
ACCT000875,CUST00032,BR003,MMA,02-Jul-2018,446199.63,OPEN
ACCT000876,CUST00109,BR010,SAV,06-Jul-2021,450870.82,DORMANT
ACCT000877,CUST00034,BR011,IRA,20190907,364866.74,OPEN
ACCT000878,CUST00230,BR010,LOC,20240610,"$256,399.18",DORMANT
ACCT000879,CUST00053,BR010,CD,20250524,148715.59,DORMANT
ACCT000880,CUST00301,BR004,MMA,22-Sep-2020,106981.99,OPEN
ACCT000881,CUST00710,BR004,CD,07-Aug-2022,33649.68,OPEN
ACCT000882,CUST00371,BR011,CD,10/14/2024,212749.49,DORMANT
ACCT000883,CUST00129,BR009,SAV,07/28/2022,288689.65,OPEN
ACCT000884,CUST00322,BR002,CHK,20220801,"$239,937.58",CLOSED
ACCT000885,CUST00648,BR004,SAV,2023-02-03,75883.91,DORMANT
ACCT000886,CUST00729,BR008,IRA,02/18/2019,416687.52,OPEN
ACCT000887,CUST00707,BR003,CHK,20190627,433566.29,CLOSED
ACCT000888,CUST00714,BR009,SAV,26-Dec-2025,52729.38,OPEN
ACCT000889,CUST00606,BR010,LOC,2019-03-18,30769.98,CLOSED
ACCT000890,CUST00419,BR011,CD,20-Nov-2022,362465.13,OPEN
ACCT000891,CUST00742,BR010,LOC,12/10/2018,429365.60,OPEN
ACCT000892,CUST00691,BR011,CD,03-Apr-2022,207714.71,DORMANT
ACCT000893,CUST00287,BR002,SAV,20210502,160441.85,DORMANT
ACCT000894,CUST00594,BR009,CD,14-Mar-2021,181272.86,OPEN
ACCT000895,CUST00043,BR012,IRA,20200512,246780.46,DORMANT
ACCT000896,CUST00322,BR002,MMA,03/12/2021,52497.27,CLOSED
ACCT000897,CUST00230,BR003,MMA,2020-11-28,443390.19,OPEN
ACCT000898,CUST00099,BR004,LOC,09/15/2023,8264.81,DORMANT
ACCT000899,CUST00551,BR004,CHK,2023-06-24,174227.17,DORMANT
ACCT000900,CUST00437,BR012,CD,11/04/2023,398053.34,OPEN
ACCT000901,CUST00734,BR012,CHK,20221226,"$234,228.94",OPEN
ACCT000902,CUST00286,BR012,IRA,23-Apr-2019,384765.92,OPEN
ACCT000903,CUST00745,BR002,MMA,04-Oct-2019,128912.39,DORMANT
ACCT000904,CUST00689,BR002,IRA,18-Sep-2025,"$427,752.17",OPEN
ACCT000905,CUST00723,BR009,MMA,2020-02-19,455353.53,OPEN
ACCT000906,CUST00141,BR010,CD,06/20/2020,123663.73,OPEN
ACCT000907,CUST00752,BR008,MMA,06/24/2019,"$302,864.77",DORMANT
ACCT000908,CUST00741,BR012,SAV,20180114,27621.71,OPEN
ACCT000909,CUST00728,BR003,CHK,09-Sep-2022,292488.44,OPEN
ACCT000910,CUST00654,BR006,CD,12/13/2023,420776.48,OPEN
ACCT000911,CUST00685,BR008,CD,20250124,284953.42,OPEN
ACCT000912,CUST00099,BR004,CHK,20210322,465140.64,CLOSED
ACCT000913,CUST00119,BR003,CD,2021-07-30,163575.61,OPEN
ACCT000914,CUST00793,BR008,CD,20240927,"$328,302.64",OPEN
ACCT000915,CUST00520,BR004,CD,07-Sep-2018,121878.55,CLOSED
ACCT000916,CUST00453,BR007,CD,2020-12-03,125133.86,OPEN
ACCT000917,CUST00652,BR001,MMA,20230108,102335.37,DORMANT
ACCT000918,CUST00212,BR011,CHK,17-Nov-2024,57669.44,OPEN
ACCT000919,CUST00389,BR002,IRA,27-Sep-2021,366918.39,OPEN
ACCT000920,CUST00532,BR004,MMA,01/03/2024,472830.39,CLOSED
ACCT000921,CUST00736,BR004,MMA,24-Oct-2019,155778.52,OPEN
ACCT000922,CUST00014,BR001,CHK,2023-11-27,238227.17,OPEN
ACCT000923,CUST00161,BR005,MMA,04/10/2018,301304.42,OPEN
ACCT000924,CUST00279,BR012,CHK,20220328,58628.70,OPEN
ACCT000925,CUST00087,BR002,CHK,20230829,4774.78,DORMANT
ACCT000926,CUST00620,BR003,CHK,20240806,89227.78,OPEN
ACCT000927,CUST00332,BR007,LOC,06-Apr-2018,127914.12,OPEN
ACCT000928,CUST00672,BR010,CD,23-Mar-2022,203324.27,CLOSED
ACCT000929,CUST00575,BR005,CD,03/10/2021,180468.04,CLOSED
ACCT000930,CUST00382,BR009,IRA,20190320,103669.52,CLOSED
ACCT000931,CUST00790,BR004,CD,20220223,268129.33,OPEN
ACCT000932,CUST00148,BR011,CHK,01/26/2019,95725.68,DORMANT
ACCT000933,CUST00256,BR002,SAV,20220710,248851.75,OPEN
ACCT000934,CUST00061,BR008,MMA,14-Aug-2022,354147.90,OPEN
ACCT000935,CUST00330,BR012,LOC,20240918,417642.54,OPEN
ACCT000936,CUST00774,BR009,CD,20240213,146812.85,OPEN
ACCT000937,CUST00473,BR012,CD,2023-10-09,441796.74,OPEN
ACCT000938,CUST00385,BR003,CHK,2019-10-26,75605.53,OPEN
ACCT000939,CUST00040,BR007,CD,20191201,62834.71,CLOSED
ACCT000940,CUST00409,BR001,MMA,20190427,477935.99,OPEN
ACCT000941,CUST00536,BR006,LOC,03/03/2022,63636.03,OPEN
ACCT000942,CUST00629,BR012,MMA,29-Oct-2023,223973.37,OPEN
ACCT000943,CUST00765,BR012,SAV,20191104,-236.72,OPEN
ACCT000944,CUST00482,BR002,CHK,07/01/2021,"$91,644.80",CLOSED
ACCT000945,CUST00339,BR002,CHK,20250103,"$283,310.41",DORMANT
ACCT000946,CUST00232,BR006,IRA,02/27/2018,128171.60,CLOSED
ACCT000947,CUST00599,BR012,MMA,20220213,448139.34,OPEN
ACCT000948,CUST00080,BR010,SAV,02/26/2019,130792.98,OPEN
ACCT000949,CUST00130,BR009,LOC,20250326,155127.69,DORMANT
ACCT000950,CUST00620,BR005,IRA,20241127,"$96,513.75",OPEN
ACCT000951,CUST00222,BR002,LOC,08/24/2019,74936.92,OPEN
ACCT000952,CUST00080,BR001,SAV,20230927,201321.78,OPEN
ACCT000953,CUST00513,BR002,SAV,20240413,177995.13,CLOSED
ACCT000954,CUST00364,BR005,LOC,2021-07-22,423393.52,OPEN
ACCT000955,CUST00649,BR005,IRA,20190809,266835.64,OPEN
ACCT000956,CUST00702,BR002,LOC,19-Nov-2022,81336.02,CLOSED
ACCT000957,CUST00790,BR011,MMA,10/04/2022,294232.48,OPEN
ACCT000958,CUST00392,BR006,SAV,02/13/2018,209409.08,OPEN
ACCT000959,CUST00601,BR005,MMA,21-Jan-2019,439166.44,OPEN
ACCT000960,CUST00622,BR005,CHK,05-Apr-2025,306211.92,OPEN
ACCT000961,CUST00281,BR011,CHK,2024-06-01,413644.88,DORMANT
ACCT000962,CUST00648,BR008,CD,20191213,358718.96,DORMANT
ACCT000963,CUST00107,BR001,MMA,04/29/2018,337235.19,OPEN
ACCT000964,CUST00085,BR007,CHK,20180818,"$304,176.91",OPEN
ACCT000965,CUST00558,BR005,SAV,2025-05-07,156342.52,OPEN
ACCT000966,CUST00727,BR003,LOC,2022-02-09,451164.40,OPEN
ACCT000967,CUST00067,BR004,LOC,28-Aug-2019,35724.82,OPEN
ACCT000968,CUST00624,BR004,IRA,20230902,78889.58,OPEN
ACCT000969,CUST00319,BR005,LOC,2021-12-07,160604.46,OPEN
ACCT000970,CUST00580,BR008,CHK,2019-04-22,"$83,512.97",OPEN
ACCT000971,CUST00606,BR011,CHK,2019-11-25,100500.04,OPEN
ACCT000972,CUST00742,BR004,MMA,08/20/2025,357493.09,OPEN
ACCT000973,CUST00055,BR007,IRA,03/21/2021,130297.25,CLOSED
ACCT000974,CUST00232,BR004,MMA,03/27/2020,469949.93,CLOSED
ACCT000975,CUST00271,BR002,CD,25-Dec-2021,164196.71,CLOSED
ACCT000976,CUST00647,BR011,SAV,20180531,70516.55,CLOSED
ACCT000977,CUST00356,BR011,IRA,03/28/2021,160957.87,DORMANT
ACCT000978,CUST00761,BR005,CHK,10/04/2023,120233.72,OPEN
ACCT000979,CUST00119,BR009,IRA,01/29/2025,225476.76,OPEN
ACCT000980,CUST00382,BR010,CD,2025-05-20,"$151,350.44",OPEN
ACCT000981,CUST00009,BR003,CD,02-May-2023,158285.84,OPEN
ACCT000982,CUST00367,BR005,SAV,03/28/2023,359741.91,DORMANT
ACCT000983,CUST00468,BR010,LOC,20251015,349513.11,OPEN
ACCT000984,CUST00259,BR012,MMA,27-Sep-2024,229040.43,OPEN
ACCT000985,CUST00240,BR009,CHK,20220921,370425.14,CLOSED
ACCT000986,CUST00608,BR001,SAV,09/29/2023,442341.49,DORMANT
ACCT000987,CUST00204,BR010,SAV,17-Jun-2019,"$377,456.17",OPEN
ACCT000988,CUST00317,BR003,MMA,20230222,"$75,190.91",OPEN
ACCT000989,CUST00206,BR003,MMA,2021-06-13,84527.92,CLOSED
ACCT000990,CUST00093,BR012,SAV,24-Sep-2019,-2601.78,OPEN
ACCT000991,CUST00483,BR009,IRA,06/03/2022,437724.03,CLOSED
ACCT000992,CUST00724,BR004,CHK,05/07/2022,149403.00,CLOSED
ACCT000993,CUST00792,BR006,MMA,20250726,284515.35,OPEN
ACCT000994,CUST00501,BR011,IRA,2024-07-30,102521.61,OPEN
ACCT000995,CUST00378,BR006,MMA,2023-08-16,291124.76,OPEN
ACCT000996,CUST00662,BR004,SAV,08/10/2023,16460.24,OPEN
ACCT000997,CUST00348,BR007,IRA,20200107,68112.57,CLOSED
ACCT000998,CUST00036,BR005,CD,01/06/2020,188134.83,OPEN
ACCT000999,CUST00477,BR002,MMA,2025-09-11,313096.27,OPEN
ACCT001000,CUST00165,BR006,SAV,20240611,"$327,854.84",CLOSED
ACCT001001,CUST00433,BR001,MMA,07-Oct-2022,"$354,901.53",CLOSED
ACCT001002,CUST00515,BR006,CD,26-Dec-2025,404421.68,OPEN
ACCT001003,CUST00184,BR007,LOC,2022-04-20,67937.80,DORMANT
ACCT001004,CUST00265,BR004,LOC,20241122,205920.70,OPEN
ACCT001005,CUST00125,BR008,CD,2022-02-12,426245.48,OPEN
ACCT001006,CUST00436,BR006,IRA,2021-04-28,258233.02,OPEN
ACCT001007,CUST00428,BR001,CD,22-Aug-2021,303451.61,OPEN
ACCT001008,CUST00750,BR001,LOC,06/11/2022,79988.32,OPEN
ACCT001009,CUST00745,BR003,IRA,20230715,427967.59,CLOSED
ACCT001010,CUST00706,BR010,SAV,20231115,14710.88,OPEN
ACCT001011,CUST00151,BR010,IRA,2025-02-25,180227.80,OPEN
ACCT001012,CUST00346,BR011,IRA,20210521,189358.70,OPEN
ACCT001013,CUST00739,BR011,IRA,20181121,463102.62,DORMANT
ACCT001014,CUST00268,BR005,LOC,10/07/2023,"$331,714.71",DORMANT
ACCT001015,CUST00485,BR004,CD,01/30/2021,129274.10,DORMANT
ACCT001016,CUST00409,BR003,IRA,13-Mar-2021,-2550.24,CLOSED
ACCT001017,CUST00673,BR003,MMA,20201229,285553.53,OPEN
ACCT001018,CUST00100,BR004,SAV,16-Mar-2018,102212.99,DORMANT
ACCT001019,CUST00472,BR010,CD,13-Feb-2025,257607.09,DORMANT
ACCT001020,CUST00013,BR006,MMA,02-Aug-2021,393974.92,CLOSED
ACCT001021,CUST00216,BR009,IRA,20191128,"$119,010.91",DORMANT
ACCT001022,CUST00081,BR011,CD,18-Apr-2024,35299.62,DORMANT
ACCT001023,CUST00379,BR005,MMA,20210715,"$322,133.16",DORMANT
ACCT001024,CUST00599,BR003,LOC,20211211,196465.60,OPEN
ACCT001025,CUST00570,BR012,CD,20200819,"$441,770.50",DORMANT
ACCT001026,CUST00127,BR002,CD,06/13/2020,476183.49,OPEN
ACCT001027,CUST00163,BR012,CD,20240303,165731.94,DORMANT
ACCT001028,CUST00286,BR006,MMA,2025-01-25,317153.77,OPEN
ACCT001029,CUST00515,BR009,LOC,05/26/2022,411642.44,CLOSED
ACCT001030,CUST00294,BR008,SAV,20191229,134877.79,OPEN
ACCT001031,CUST00782,BR008,IRA,2019-12-07,180926.41,CLOSED
ACCT001032,CUST00421,BR004,IRA,04/29/2018,62207.44,OPEN
ACCT001033,CUST00614,BR010,IRA,2022-08-02,152634.85,DORMANT
ACCT001034,CUST00641,BR008,IRA,08-Jan-2019,6018.96,CLOSED
ACCT001035,CUST00566,BR009,SAV,20191024,173996.20,OPEN
ACCT001036,CUST00484,BR012,SAV,08/14/2021,137096.23,OPEN
ACCT001037,CUST00592,BR008,CD,20200930,475010.96,CLOSED
ACCT001038,CUST00513,BR011,CHK,10-Oct-2024,417961.45,OPEN
ACCT001039,CUST00474,BR012,CHK,2018-01-29,325781.44,DORMANT
ACCT001040,CUST00482,BR007,CHK,05-Sep-2022,423428.16,DORMANT
ACCT001041,CUST00663,BR009,IRA,20180408,228191.67,OPEN
ACCT001042,CUST00408,BR012,CHK,20220128,342562.94,CLOSED
ACCT001043,CUST00439,BR002,CHK,21-Aug-2019,362601.11,OPEN
ACCT001044,CUST00740,BR003,MMA,19-Aug-2022,63845.80,CLOSED
ACCT001045,CUST00216,BR005,CHK,2021-09-13,217247.38,OPEN
ACCT001046,CUST00776,BR005,MMA,20210424,155370.69,OPEN
ACCT001047,CUST00582,BR005,LOC,05/27/2018,66791.63,OPEN
ACCT001048,CUST00380,BR010,MMA,07-Apr-2021,453224.08,OPEN
ACCT001049,CUST00487,BR012,CD,20-Jul-2025,69904.02,OPEN
ACCT001050,CUST00151,BR010,MMA,23-Apr-2022,"$303,829.73",OPEN
ACCT001051,CUST00598,BR005,SAV,2024-07-21,120819.27,DORMANT
ACCT001052,CUST00416,BR008,LOC,29-Nov-2019,307267.99,DORMANT
ACCT001053,CUST00322,BR009,MMA,20220329,309462.60,CLOSED
ACCT001054,CUST00180,BR008,CD,2018-02-28,161047.99,OPEN
ACCT001055,CUST00154,BR005,LOC,05/05/2019,167903.21,OPEN
ACCT001056,CUST00765,BR009,SAV,09-Apr-2020,317158.38,OPEN
ACCT001057,CUST00338,BR009,CHK,2021-01-16,"$465,662.05",DORMANT
ACCT001058,CUST00536,BR004,SAV,11/14/2020,329504.03,OPEN
ACCT001059,CUST00234,BR012,IRA,02/12/2023,14512.90,DORMANT
ACCT001060,CUST00285,BR002,IRA,2020-02-18,"$434,478.37",OPEN
ACCT001061,CUST00063,BR004,SAV,20200926,220171.58,OPEN
ACCT001062,CUST00327,BR011,CHK,20200315,"$51,457.10",OPEN
ACCT001063,CUST00103,BR009,LOC,20200530,"$140,481.07",CLOSED
ACCT001064,CUST00115,BR012,CD,03/17/2025,280634.71,CLOSED
ACCT001065,CUST00001,BR005,CD,29-Sep-2024,233913.49,DORMANT
ACCT001066,CUST00495,BR009,MMA,28-Mar-2025,123136.95,OPEN
ACCT001067,CUST00282,BR011,LOC,23-Aug-2023,"$298,572.04",OPEN
ACCT001068,CUST00500,BR001,MMA,20230919,235457.14,CLOSED
ACCT001069,CUST00690,BR005,CHK,21-Dec-2022,304373.24,OPEN
ACCT001070,CUST00199,BR002,SAV,23-May-2020,238363.14,DORMANT
ACCT001071,CUST00484,BR002,IRA,05/14/2021,271939.09,OPEN
ACCT001072,CUST00197,BR007,SAV,10/09/2019,152955.41,CLOSED
ACCT001073,CUST00670,BR010,CD,01/08/2021,447429.12,OPEN
ACCT001074,CUST00380,BR003,MMA,28-Sep-2021,397177.18,OPEN
ACCT001075,CUST00436,BR010,CD,2022-09-05,364678.03,CLOSED
ACCT001076,CUST00363,BR011,SAV,15-Feb-2023,4447.62,OPEN
ACCT001077,CUST00678,BR012,MMA,22-Apr-2021,6484.31,CLOSED
ACCT001078,CUST00334,BR009,LOC,03/27/2020,294514.58,OPEN
ACCT001079,CUST00110,BR002,SAV,20-Oct-2019,345581.84,DORMANT
ACCT001080,CUST00482,BR001,IRA,20220517,116175.37,DORMANT
ACCT001081,CUST00385,BR001,CHK,18-Aug-2018,128882.42,OPEN
ACCT001082,CUST00114,BR008,SAV,31-Oct-2018,468931.70,OPEN
ACCT001083,CUST00155,BR010,MMA,06/09/2024,267490.65,OPEN
ACCT001084,CUST00587,BR009,IRA,03-Dec-2020,"$329,441.51",OPEN
ACCT001085,CUST00717,BR012,IRA,09-Jul-2021,433975.20,OPEN
ACCT001086,CUST00189,BR006,CD,20200721,170668.84,OPEN
ACCT001087,CUST00262,BR010,IRA,04/05/2018,52807.36,CLOSED
ACCT001088,CUST00499,BR001,LOC,04-Sep-2018,2857.62,OPEN
ACCT001089,CUST00517,BR006,LOC,09-Jul-2023,273785.50,OPEN
ACCT001090,CUST00579,BR002,LOC,04/06/2019,382316.62,OPEN
ACCT001091,CUST00588,BR008,LOC,04/17/2025,359675.06,CLOSED
ACCT001092,CUST00284,BR008,CD,16-Sep-2019,30417.51,OPEN
ACCT001093,CUST00465,BR009,IRA,2022-11-07,189711.04,DORMANT
ACCT001094,CUST00400,BR001,CHK,11-Jul-2020,202167.58,OPEN
ACCT001095,CUST00599,BR011,MMA,20231221,312002.16,DORMANT
ACCT001096,CUST00364,BR012,LOC,09/18/2019,369901.12,OPEN
ACCT001097,CUST00104,BR001,LOC,2024-10-01,373039.66,OPEN
ACCT001098,CUST00336,BR006,SAV,05/19/2025,92825.19,OPEN
ACCT001099,CUST00239,BR004,MMA,04/22/2018,420654.23,OPEN
ACCT001100,CUST00385,BR001,CD,20200504,18868.93,OPEN
ACCT001101,CUST00211,BR007,LOC,2019-05-26,465083.23,DORMANT
ACCT001102,CUST00742,BR009,CHK,10/30/2019,53373.79,DORMANT
ACCT001103,CUST00367,BR012,MMA,08/28/2022,"$97,008.82",DORMANT
ACCT001104,CUST00369,BR008,MMA,2023-09-15,"$453,274.97",CLOSED
ACCT001105,CUST00431,BR007,CHK,23-Dec-2021,453679.92,CLOSED
ACCT001106,CUST00668,BR005,SAV,2025-11-12,310459.83,CLOSED
ACCT001107,CUST00017,BR005,IRA,05-Apr-2025,17004.20,OPEN
ACCT001108,CUST00579,BR001,SAV,10/26/2023,63006.88,OPEN
ACCT001109,CUST00063,BR010,SAV,31-May-2025,175276.46,OPEN
ACCT001110,CUST00430,BR003,SAV,10/26/2023,354853.84,OPEN
ACCT001111,CUST00374,BR002,SAV,20180503,93977.29,OPEN
ACCT001112,CUST00272,BR010,MMA,2018-04-27,155817.29,OPEN
ACCT001113,CUST00753,BR003,CD,20180710,364813.61,OPEN
ACCT001114,CUST00162,BR002,CHK,11/29/2021,39680.09,OPEN
ACCT001115,CUST00488,BR008,CD,20240108,60186.62,OPEN
ACCT001116,CUST00319,BR008,CD,11/18/2020,151595.08,DORMANT
ACCT001117,CUST00685,BR012,CHK,20230512,358128.67,OPEN
ACCT001118,CUST00129,BR004,LOC,06/16/2019,"$104,392.64",OPEN
ACCT001119,CUST00735,BR007,MMA,2024-11-24,116142.72,OPEN
ACCT001120,CUST00337,BR012,CD,30-Jun-2025,"$363,548.40",CLOSED
ACCT001121,CUST00384,BR011,SAV,2024-07-01,357748.93,OPEN
ACCT001122,CUST00203,BR003,CHK,2019-08-09,400158.86,CLOSED
ACCT001123,CUST00331,BR001,LOC,20230524,410975.02,DORMANT
ACCT001124,CUST00416,BR008,SAV,31-Jan-2023,"$259,751.52",OPEN
ACCT001125,CUST00672,BR009,MMA,10/13/2021,118812.95,CLOSED
ACCT001126,CUST00791,BR009,CD,2025-06-09,318986.15,DORMANT
ACCT001127,CUST00270,BR002,MMA,2022-10-14,"$462,905.47",OPEN
ACCT001128,CUST00469,BR002,CHK,04-Mar-2024,56255.14,CLOSED
ACCT001129,CUST00447,BR009,CHK,08/30/2023,187815.68,DORMANT
ACCT001130,CUST00200,BR003,IRA,2020-06-27,91358.40,DORMANT
ACCT001131,CUST00616,BR003,LOC,2023-12-14,383126.09,OPEN
ACCT001132,CUST00711,BR009,SAV,03/14/2022,43566.97,DORMANT
ACCT001133,CUST00232,BR012,SAV,20240125,411273.17,CLOSED
ACCT001134,CUST00304,BR007,LOC,20220922,"$221,982.01",OPEN
ACCT001135,CUST00001,BR002,MMA,11-Dec-2025,96246.08,DORMANT
ACCT001136,CUST00069,BR001,CD,07/29/2019,228252.08,OPEN
ACCT001137,CUST00401,BR003,IRA,20220913,281836.96,OPEN
ACCT001138,CUST00073,BR004,MMA,20190730,54883.64,OPEN
ACCT001139,CUST00211,BR008,SAV,16-Jul-2025,"$363,883.53",OPEN
ACCT001140,CUST00534,BR005,LOC,20190225,107607.87,OPEN
ACCT001141,CUST00555,BR012,LOC,02/05/2023,29145.33,OPEN
ACCT001142,CUST00279,BR001,CD,2020-11-12,299045.69,OPEN
ACCT001143,CUST00727,BR012,CD,04/07/2021,"$248,577.06",DORMANT
ACCT001144,CUST00614,BR006,SAV,20250616,400803.92,CLOSED
ACCT001145,CUST00059,BR011,CHK,21-Feb-2021,433794.71,OPEN
ACCT001146,CUST00430,BR011,MMA,2021-12-31,1269.16,CLOSED
ACCT001147,CUST00249,BR010,CD,20200625,"$317,829.82",CLOSED
ACCT001148,CUST00575,BR010,LOC,20220320,"$15,419.10",OPEN
ACCT001149,CUST00590,BR002,CHK,04-Sep-2020,276359.20,DORMANT
ACCT001150,CUST00432,BR007,IRA,13-Jun-2018,308837.91,CLOSED
ACCT001151,CUST00588,BR009,CHK,20220622,"$319,498.16",DORMANT
ACCT001152,CUST00186,BR001,IRA,2021-09-09,136754.27,OPEN
ACCT001153,CUST00747,BR008,MMA,08-Jan-2022,165903.55,OPEN
ACCT001154,CUST00457,BR001,MMA,20-Feb-2023,367776.40,DORMANT
ACCT001155,CUST00790,BR009,IRA,20210811,360359.79,OPEN
ACCT001156,CUST00512,BR002,MMA,12/11/2021,148519.06,OPEN
ACCT001157,CUST00655,BR007,MMA,20241221,305145.38,OPEN
ACCT001158,CUST00272,BR012,CD,07-Dec-2021,385860.29,OPEN
ACCT001159,CUST00173,BR006,CHK,04/02/2019,277195.72,DORMANT
ACCT001160,CUST00304,BR009,LOC,20191230,"$294,958.43",OPEN
ACCT001161,CUST00093,BR012,LOC,20250609,"$408,321.27",OPEN
ACCT001162,CUST00546,BR006,CD,20190629,45258.62,OPEN
ACCT001163,CUST00629,BR010,CHK,08/19/2021,"$209,629.99",DORMANT
ACCT001164,CUST00159,BR011,MMA,20180418,103867.27,OPEN
ACCT001165,CUST00252,BR004,CD,04/07/2025,65507.70,OPEN
ACCT001166,CUST00627,BR008,CD,08/25/2022,194976.93,DORMANT
ACCT001167,CUST00410,BR011,LOC,05-May-2022,337771.78,OPEN
ACCT001168,CUST00442,BR006,MMA,19-Aug-2020,"$257,079.02",OPEN
ACCT001169,CUST00330,BR012,SAV,01/14/2024,41861.38,DORMANT
ACCT001170,CUST00726,BR008,LOC,2021-07-08,386517.98,OPEN
ACCT001171,CUST00735,BR012,IRA,03/19/2024,220663.92,OPEN
ACCT001172,CUST00472,BR010,CD,20230730,26359.01,OPEN
ACCT001173,CUST00574,BR008,LOC,2025-04-17,429483.19,OPEN
ACCT001174,CUST00066,BR011,MMA,25-Sep-2018,271330.51,OPEN
ACCT001175,CUST00731,BR010,CD,10/31/2022,473310.20,CLOSED
ACCT001176,CUST00318,BR009,IRA,26-Jul-2025,155308.62,DORMANT
ACCT001177,CUST00417,BR003,LOC,22-Aug-2025,413426.02,OPEN
ACCT001178,CUST00730,BR006,LOC,2019-05-06,292717.47,OPEN
ACCT001179,CUST00751,BR004,SAV,09/29/2024,"$400,333.62",CLOSED
ACCT001180,CUST00747,BR002,MMA,2018-12-31,453881.36,CLOSED
ACCT001181,CUST00418,BR007,IRA,04/28/2023,405923.79,OPEN
ACCT001182,CUST00364,BR003,IRA,29-Oct-2022,237345.68,CLOSED
ACCT001183,CUST00206,BR004,MMA,2025-04-05,159764.28,DORMANT
ACCT001184,CUST00264,BR001,LOC,2018-09-07,"$326,114.39",OPEN
ACCT001185,CUST00542,BR001,CHK,20210831,143537.99,DORMANT
ACCT001186,CUST00577,BR006,CHK,12/08/2019,303693.65,DORMANT
ACCT001187,CUST00224,BR006,CHK,08/30/2025,285863.38,CLOSED
ACCT001188,CUST00724,BR003,LOC,20190902,"$9,715.71",DORMANT
ACCT001189,CUST00124,BR005,MMA,18-Mar-2019,326270.55,OPEN
ACCT001190,CUST00103,BR008,SAV,10/07/2024,478710.82,CLOSED
ACCT001191,CUST00675,BR009,CD,2023-01-09,"$319,321.96",OPEN
ACCT001192,CUST00375,BR003,SAV,07/04/2023,"$380,116.17",OPEN
ACCT001193,CUST00492,BR011,IRA,2024-08-18,"$406,170.47",OPEN
ACCT001194,CUST00540,BR010,LOC,20251116,362107.88,OPEN
ACCT001195,CUST00329,BR003,CD,22-Mar-2020,452959.93,CLOSED
ACCT001196,CUST00387,BR002,CD,20180408,45594.47,DORMANT
ACCT001197,CUST00399,BR005,CD,2021-03-22,"$250,861.81",OPEN
ACCT001198,CUST00315,BR010,IRA,05/28/2024,305852.23,DORMANT
ACCT001199,CUST00029,BR001,MMA,04/26/2022,165606.32,CLOSED
ACCT001200,CUST00757,BR009,LOC,01-Jan-2020,"$325,349.69",OPEN
